original_file,web_file,role,alt,title,caption,description,xmp_capture_time,gpx_latitude,gpx_longitude,gpx_altitude_m,gpx_time_gap_seconds,gpx_confidence
DSC05769.jpg,dammastock-suisse-ski-randonnee-cretes.jpg,portfolio,"Skieur sur une crête enneigée dans le massif du Dammastock, en Suisse.",Dammastock Suisse Ski Randonnee Cretes,,"Skieur sur une crête enneigée dans le massif du Dammastock, en Suisse.",2023-04-04T08:14:14.098+02:00,46.676488,8.551880,2099,3036,low
DSC05808.jpg,dammastock-suisse-groupe-ski-randonnee.jpg,portfolio,"Groupe de skieurs en progression dans le massif du Dammastock, en Suisse.",Dammastock Suisse Groupe Ski Randonnee,,"Groupe de skieurs en progression dans le massif du Dammastock, en Suisse.",2023-04-04T08:31:45.611+02:00,46.676488,8.551880,2099,1984,low
DSC05843_1.jpg,dammastock-suisse-montee-ski-neige.jpg,portfolio,Skieurs en montée dans la neige lors de l’itinérance du Dammastock.,Dammastock Suisse Montee Ski Neige,,Skieurs en montée dans la neige lors de l’itinérance du Dammastock.,2023-04-04T08:55:42.688+02:00,46.676488,8.551880,2099,547,low
DSC05860.jpg,dammastock-suisse-passage-neige-ski-alpinisme.jpg,portfolio,Skieurs dans un passage raide enneigé pendant la traversée du Dammastock.,Dammastock Suisse Passage Neige Ski Alpinisme,,Skieurs dans un passage raide enneigé pendant la traversée du Dammastock.,2023-04-04T09:54:05.852+02:00,46.680650,8.542902,2303,13,high
DSC05875.jpg,dammastock-suisse-couloir-neige-montagne.jpg,narrative,"Groupe de skieurs dans un couloir enneigé pendant la traversée du Dammastock, en Suisse.",Dammastock Suisse Couloir Neige Montagne,,"Groupe de skieurs dans un couloir enneigé pendant la traversée du Dammastock, en Suisse.",2023-04-04T09:56:41.681+02:00,46.680860,8.542581,2328,3,high
DSC05936.jpg,dammastock-suisse-groupe-ski-glacier.jpg,portfolio,Groupe en progression sur terrain enneigé pendant la traversée du Dammastock.,Dammastock Suisse Groupe Ski Glacier,,Groupe en progression sur terrain enneigé pendant la traversée du Dammastock.,2023-04-04T10:09:51.02+02:00,46.681508,8.543518,2378,2,high
DSC05941.jpg,dammastock-suisse-montee-ski-panoramique.jpg,portfolio,Skieurs en montée à ski devant les sommets du massif du Dammastock.,Dammastock Suisse Montee Ski Panoramique,,Skieurs en montée à ski devant les sommets du massif du Dammastock.,2023-04-04T10:09:59.14+02:00,46.681508,8.543518,2378,6,high
DSC05953.jpg,dammastock-suisse-mer-nuages-sommets.jpg,full-width,Mer de nuages et sommets enneigés des Alpes suisses pendant la traversée du Dammastock.,Dammastock Suisse Mer Nuages Sommets,,Mer de nuages et sommets enneigés des Alpes suisses pendant la traversée du Dammastock.,2023-04-04T10:11:45.348+02:00,46.681549,8.543683,2391,3,high
DSC05984_1.jpg,dammastock-suisse-ski-haute-montagne-groupe.jpg,portfolio,Groupe de skieurs au cœur d’un vaste paysage enneigé du Dammastock.,Dammastock Suisse Ski Haute Montagne Groupe,,Groupe de skieurs au cœur d’un vaste paysage enneigé du Dammastock.,2023-04-04T10:26:46.561+02:00,46.681901,8.544433,2445,86,medium
DSC06024_1.jpg,dammastock-suisse-groupe-montee-ski.jpg,full-width,"Groupe en montée à ski sur un glacier lors de la traversée du Dammastock, en Suisse.",Dammastock Suisse Groupe Montee Ski,,"Groupe en montée à ski sur un glacier lors de la traversée du Dammastock, en Suisse.",2023-04-04T10:43:22.261+02:00,46.681981,8.544796,2464,31,high
DSC06040.jpg,dammastock-suisse-ski-randonnee-sommets.jpg,portfolio,Skieurs en progression face aux sommets enneigés des Alpes suisses.,Dammastock Suisse Ski Randonnee Sommets,,Skieurs en progression face aux sommets enneigés des Alpes suisses.,2023-04-04T10:48:41.805+02:00,46.681992,8.544933,2485,46,high
DSC06109_1.jpg,dammastock-suisse-glacier-neige-haute-montagne.jpg,portfolio,Skieurs traversant un vaste glacier enneigé dans le massif du Dammastock.,Dammastock Suisse Glacier Neige Haute Montagne,,Skieurs traversant un vaste glacier enneigé dans le massif du Dammastock.,2023-04-04T11:13:03.067+02:00,46.682529,8.544124,2506,1,high
DSC06139.jpg,dammastock-suisse-ski-alpinisme-neige.jpg,portfolio,Skieur dans une pente enneigée pendant l’itinérance à ski du Dammastock.,Dammastock Suisse Ski Alpinisme Neige,,Skieur dans une pente enneigée pendant l’itinérance à ski du Dammastock.,2023-04-04T12:10:57.955+02:00,46.686494,8.529638,2846,3,high
DSC06144.jpg,dammastock-suisse-arete-glacier-ski-alpinisme.jpg,hero,"Skieur progressant sur une arête enneigée au-dessus d’un glacier lors de la traversée du Dammastock, en Suisse.",Dammastock Suisse Arete Glacier Ski Alpinisme,,"Skieur progressant sur une arête enneigée au-dessus d’un glacier lors de la traversée du Dammastock, en Suisse.",2023-04-04T13:02:10.823+02:00,46.691098,8.523288,3144,26,high
DSC06150_1.jpg,dammastock-suisse-passage-arete-ski.jpg,narrative,Skieur franchissant un passage d’arête enneigé pendant la traversée du Dammastock.,Dammastock Suisse Passage Arete Ski,,Skieur franchissant un passage d’arête enneigé pendant la traversée du Dammastock.,2023-04-04T13:05:08.062+02:00,46.691095,8.523482,3144,109,medium
DSC06156.jpg,dammastock-suisse-couloir-neige-ski.jpg,portfolio,Skieur dans un couloir enneigé lors de la traversée du Dammastock.,Dammastock Suisse Couloir Neige Ski,,Skieur dans un couloir enneigé lors de la traversée du Dammastock.,2023-04-04T13:20:02.729+02:00,46.691095,8.523482,3144,1004,low
DSC06254_1.jpg,dammastock-suisse-traces-ski-poudreuse.jpg,portfolio,Traces de ski dans une pente enneigée du massif du Dammastock.,Dammastock Suisse Traces Ski Poudreuse,,Traces de ski dans une pente enneigée du massif du Dammastock.,2023-04-04T13:42:31.781+02:00,46.691125,8.523567,3141,457,low
DSC06284.jpg,dammastock-suisse-descente-poudreuse.jpg,narrative,"Skieur en descente dans une pente de neige vierge, lors de la traversée du Dammastock.",Dammastock Suisse Descente Poudreuse,,"Skieur en descente dans une pente de neige vierge, lors de la traversée du Dammastock.",2023-04-04T13:43:45.241+02:00,46.691125,8.523567,3141,384,low
DSC06319.jpg,dammastock-suisse-descente-neige-vierge.jpg,portfolio,Skieur à la descente dans une pente de neige vierge au Dammastock.,Dammastock Suisse Descente Neige Vierge,,Skieur à la descente dans une pente de neige vierge au Dammastock.,2023-04-04T13:47:38.515+02:00,46.691125,8.523567,3141,150,medium
DSC06399.jpg,dammastock-suisse-ski-neige-pentes.jpg,portfolio,Skieur dans une grande pente enneigée pendant l’itinérance du Dammastock.,Dammastock Suisse Ski Neige Pentes,,Skieur dans une grande pente enneigée pendant l’itinérance du Dammastock.,2023-04-04T13:51:19.241+02:00,46.691204,8.523389,3123,17,high
DSC06421.jpg,dammastock-suisse-ski-alpinisme-pente.jpg,portfolio,"Skieur en haute montagne dans le massif du Dammastock, en Suisse.",Dammastock Suisse Ski Alpinisme Pente,,"Skieur en haute montagne dans le massif du Dammastock, en Suisse.",2023-04-04T13:55:02.552+02:00,46.691192,8.523562,3130,142,medium
DSC06466_1.jpg,dammastock-suisse-ski-randonnee-col.jpg,portfolio,Skieur dans un vaste cirque enneigé du massif du Dammastock.,Dammastock Suisse Ski Randonnee Col,,Skieur dans un vaste cirque enneigé du massif du Dammastock.,2023-04-04T14:25:05.541+02:00,46.691185,8.523444,3125,165,medium
DSC06480_1.jpg,dammastock-suisse-groupe-ski-glacier-dsc06480.jpg,portfolio,Groupe de skieurs en progression sur terrain glaciaire au Dammastock.,Dammastock Suisse Groupe Ski Glacier Dsc06480,,Groupe de skieurs en progression sur terrain glaciaire au Dammastock.,2023-04-04T14:33:16.274+02:00,46.691458,8.523433,3094,44,high
DSC06500.jpg,dammastock-suisse-paysage-alpin-neige.jpg,portfolio,Paysage de haute montagne enneigé dans le massif du Dammastock.,Dammastock Suisse Paysage Alpin Neige,,Paysage de haute montagne enneigé dans le massif du Dammastock.,2023-04-04T14:37:27.835+02:00,46.693139,8.523754,2975,1,high
DSC06508.jpg,dammastock-suisse-groupe-ski-neige.jpg,portfolio,Skieurs dans une pente enneigée pendant la traversée du Dammastock.,Dammastock Suisse Groupe Ski Neige,,Skieurs dans une pente enneigée pendant la traversée du Dammastock.,2023-04-04T14:49:49.966+02:00,46.695856,8.522707,2814,0,high
DSC06529_1.jpg,dammastock-suisse-ski-pente-neige.jpg,portfolio,Skieur à la descente dans une pente enneigée du massif du Dammastock.,Dammastock Suisse Ski Pente Neige,,Skieur à la descente dans une pente enneigée du massif du Dammastock.,2023-04-04T16:12:10.595+02:00,46.702547,8.507536,2733,1,high
DSC06564.jpg,dammastock-suisse-descente-ski-pente.jpg,narrative,Skieur dans une pente enneigée pendant la traversée à ski du Dammastock.,Dammastock Suisse Descente Ski Pente,,Skieur dans une pente enneigée pendant la traversée à ski du Dammastock.,2023-04-05T07:33:07.189+02:00,46.690480,8.487797,2144,1065,low
DSC06567.jpg,dammastock-suisse-ski-randonnee-vallon.jpg,portfolio,Skieurs dans un vallon enneigé pendant l’itinérance du Dammastock.,Dammastock Suisse Ski Randonnee Vallon,,Skieurs dans un vallon enneigé pendant l’itinérance du Dammastock.,2023-04-05T07:42:18.331+02:00,46.690480,8.487797,2144,514,low
DSC06597.jpg,dammastock-suisse-montee-ski-couloir.jpg,portfolio,Skieurs en montée dans un couloir enneigé du massif du Dammastock.,Dammastock Suisse Montee Ski Couloir,,Skieurs en montée dans un couloir enneigé du massif du Dammastock.,2023-04-05T08:40:31.422+02:00,46.686904,8.479018,2315,2,high
DSC06603.jpg,dammastock-suisse-panorama-sommets-hiver.jpg,portfolio,Panorama de sommets enneigés dans les Alpes suisses lors de la traversée du Dammastock.,Dammastock Suisse Panorama Sommets Hiver,,Panorama de sommets enneigés dans les Alpes suisses lors de la traversée du Dammastock.,2023-04-05T09:01:09.543+02:00,46.688409,8.476515,2423,328,low
DSC06622.jpg,dammastock-suisse-ski-alpinisme-vallon.jpg,portfolio,Skieur dans un vaste paysage alpin enneigé du Dammastock.,Dammastock Suisse Ski Alpinisme Vallon,,Skieur dans un vaste paysage alpin enneigé du Dammastock.,2023-04-05T09:24:43.761+02:00,46.689355,8.473122,2543,7,high
DSC06624.jpg,dammastock-suisse-ski-randonnee-paysage.jpg,portfolio,Skieur en progression devant les sommets du Dammastock.,Dammastock Suisse Ski Randonnee Paysage,,Skieur en progression devant les sommets du Dammastock.,2023-04-05T09:24:44.8+02:00,46.689304,8.473059,2547,7,high
DSC06719.jpg,dammastock-suisse-groupe-montee-neige.jpg,portfolio,Groupe de skieurs en montée à ski dans le massif du Dammastock.,Dammastock Suisse Groupe Montee Neige,,Groupe de skieurs en montée à ski dans le massif du Dammastock.,2023-04-05T10:03:59.461+02:00,46.688643,8.465481,2805,41,high
DSC06793.jpg,dammastock-suisse-montees-ski-haute-montagne.jpg,narrative,"Skieurs en montée à ski dans une pente de haute montagne, lors de la traversée du Dammastock.",Dammastock Suisse Montees Ski Haute Montagne,,"Skieurs en montée à ski dans une pente de haute montagne, lors de la traversée du Dammastock.",2023-04-05T11:00:43.88+02:00,46.691585,8.455152,3120,8,high
DSC06801.jpg,dammastock-suisse-ski-couloir-haute-montagne.jpg,portfolio,Skieurs dans une pente raide enneigée lors de la traversée du Dammastock.,Dammastock Suisse Ski Couloir Haute Montagne,,Skieurs dans une pente raide enneigée lors de la traversée du Dammastock.,2023-04-05T11:01:26.4+02:00,46.691691,8.455034,3122,0,high
DSC06823.jpg,dammastock-suisse-couloir-arete-ski.jpg,full-width,Groupe de skieurs dans un couloir rocheux et enneigé pendant la traversée du Dammastock.,Dammastock Suisse Couloir Arete Ski,,Groupe de skieurs dans un couloir rocheux et enneigé pendant la traversée du Dammastock.,2023-04-05T11:51:51.983+02:00,46.692677,8.453241,3247,67,medium
DSC06841.jpg,dammastock-suisse-groupe-ski-souvenir.jpg,portfolio,Groupe de skieurs réunis pendant l’itinérance du Dammastock.,Dammastock Suisse Groupe Ski Souvenir,,Groupe de skieurs réunis pendant l’itinérance du Dammastock.,2023-04-05T12:34:48.163+02:00,46.693013,8.452743,3301,1157,low
DSC06939.jpg,dammastock-suisse-groupe-ski-haute-montagne.jpg,portfolio,"Groupe de skieurs dans le massif du Dammastock, en Suisse.",Dammastock Suisse Groupe Ski Haute Montagne,,"Groupe de skieurs dans le massif du Dammastock, en Suisse.",2023-04-05T12:53:49.881+02:00,46.693013,8.452743,3301,15,high
DSC07090.jpg,dammastock-suisse-ski-poudreuse-descente.jpg,narrative,Skieur à la descente dans une neige profonde sur l’itinérance du Dammastock.,Dammastock Suisse Ski Poudreuse Descente,,Skieur à la descente dans une neige profonde sur l’itinérance du Dammastock.,2023-04-05T13:03:38.262+02:00,46.694841,8.452014,3340,0,high
DSC07122.jpg,dammastock-suisse-descente-ski-neige.jpg,portfolio,Skieur en descente dans une pente enneigée au Dammastock.,Dammastock Suisse Descente Ski Neige,,Skieur en descente dans une pente enneigée au Dammastock.,2023-04-05T13:05:53.51+02:00,46.695046,8.452436,3358,2,high
DSC07335_1.jpg,dammastock-suisse-ski-seracs-glacier.jpg,narrative,"Skieur au pied de séracs lors de la traversée du Dammastock, en Suisse.",Dammastock Suisse Ski Seracs Glacier,,"Skieur au pied de séracs lors de la traversée du Dammastock, en Suisse.",2023-04-05T13:19:52.988+02:00,46.698105,8.454363,3464,7,high
DSC07367.jpg,dammastock-suisse-village-montagne-hiver.jpg,portfolio,Village de montagne enneigé sur l’itinérance du Dammastock.,Dammastock Suisse Village Montagne Hiver,,Village de montagne enneigé sur l’itinérance du Dammastock.,2023-04-06T07:11:53.853+02:00,46.730832,8.427525,1859,3428,low
DSC07381_1.jpg,dammastock-suisse-groupe-ski-montee.jpg,portfolio,Groupe en montée à ski dans le massif du Dammastock.,Dammastock Suisse Groupe Ski Montee,,Groupe en montée à ski dans le massif du Dammastock.,2023-04-06T07:39:10.383+02:00,46.730832,8.427525,1859,1792,low
DSC07384_1.jpg,dammastock-suisse-ski-randonnee-groupe.jpg,portfolio,Groupe de skieurs en itinérance dans la neige au Dammastock.,Dammastock Suisse Ski Randonnee Groupe,,Groupe de skieurs en itinérance dans la neige au Dammastock.,2023-04-06T07:39:17.509+02:00,46.730832,8.427525,1859,1784,low
DSC07415.jpg,dammastock-suisse-descente-ski-couloir.jpg,portfolio,Skieur dans une pente raide enneigée du massif du Dammastock.,Dammastock Suisse Descente Ski Couloir,,Skieur dans une pente raide enneigée du massif du Dammastock.,2023-04-06T10:20:46.556+02:00,46.749734,8.436024,2807,14,high
DSC07429.jpg,dammastock-suisse-ski-neige-soleil.jpg,portfolio,Skieur dans une pente de neige sous le soleil au Dammastock.,Dammastock Suisse Ski Neige Soleil,,Skieur dans une pente de neige sous le soleil au Dammastock.,2023-04-06T10:22:28.932+02:00,46.749763,8.436162,2824,36,high
DSC07455.jpg,dammastock-suisse-ski-soleil-pente-neige.jpg,full-width,Skieur dans une pente de neige éclairée par le soleil pendant la traversée du Dammastock.,Dammastock Suisse Ski Soleil Pente Neige,,Skieur dans une pente de neige éclairée par le soleil pendant la traversée du Dammastock.,2023-04-06T10:26:32.93+02:00,46.750009,8.436028,2848,20,high
DSC07476.jpg,dammastock-suisse-ski-soleil-poudreuse.jpg,portfolio,Skieur à la descente sous le soleil pendant la traversée du Dammastock.,Dammastock Suisse Ski Soleil Poudreuse,,Skieur à la descente sous le soleil pendant la traversée du Dammastock.,2023-04-06T10:31:31.93+02:00,46.750466,8.436046,2858,1,high
DSC07527.jpg,dammastock-suisse-glacier-seracs-hiver.jpg,portfolio,Glacier et séracs enneigés dans le massif du Dammastock.,Dammastock Suisse Glacier Seracs Hiver,,Glacier et séracs enneigés dans le massif du Dammastock.,2023-04-06T10:55:52.355+02:00,46.752827,8.437850,2948,82,medium
DSC07542_1.jpg,dammastock-suisse-glacier-passage-ski.jpg,portfolio,Skieurs en progression à proximité d’un glacier au Dammastock.,Dammastock Suisse Glacier Passage Ski,,Skieurs en progression à proximité d’un glacier au Dammastock.,2023-04-06T10:56:20.034+02:00,46.752827,8.437850,2948,54,high
DSC07621.jpg,dammastock-suisse-refuge-ski-haute-montagne.jpg,narrative,Skieurs arrivant près d’un refuge au pied d’un sommet rocheux lors de la traversée du Dammastock.,Dammastock Suisse Refuge Ski Haute Montagne,,Skieurs arrivant près d’un refuge au pied d’un sommet rocheux lors de la traversée du Dammastock.,2023-04-06T11:41:59.162+02:00,46.756833,8.442825,2665,105,medium
DSC07664.jpg,dammastock-suisse-refuge-vie-groupe.jpg,portfolio,Moment de vie au refuge pendant l’itinérance à ski du Dammastock.,Dammastock Suisse Refuge Vie Groupe,,Moment de vie au refuge pendant l’itinérance à ski du Dammastock.,2023-04-06T11:58:52.32+02:00,46.760170,8.442218,2537,2,high
DSC07691.jpg,dammastock-suisse-descente-ski-poudreuse.jpg,narrative,"Skieur en poudreuse au cours de l’itinérance à ski du Dammastock, en Suisse.",Dammastock Suisse Descente Ski Poudreuse,,"Skieur en poudreuse au cours de l’itinérance à ski du Dammastock, en Suisse.",2023-04-06T12:45:36.52+02:00,46.770243,8.446752,2654,43,high
DSC07722.jpg,dammastock-suisse-ski-randonnee-sommets-dsc07722.jpg,portfolio,Skieurs dans un grand paysage de montagne enneigé au Dammastock.,Dammastock Suisse Ski Randonnee Sommets Dsc07722,,Skieurs dans un grand paysage de montagne enneigé au Dammastock.,2023-04-06T13:04:01.392+02:00,46.770210,8.446703,2653,829,low
DSC07763.jpg,dammastock-suisse-ski-neige-glacier.jpg,portfolio,Skieur dans une pente enneigée face aux sommets du Dammastock.,Dammastock Suisse Ski Neige Glacier,,Skieur dans une pente enneigée face aux sommets du Dammastock.,2023-04-06T13:32:01.137+02:00,46.770203,8.446606,2655,95,medium
DSC07805.jpg,dammastock-suisse-groupe-ski-randonnee-dsc07805.jpg,portfolio,Groupe de skieurs en progression dans la neige du massif du Dammastock.,Dammastock Suisse Groupe Ski Randonnee Dsc07805,,Groupe de skieurs en progression dans la neige du massif du Dammastock.,2023-04-06T14:26:29.505+02:00,46.776232,8.460470,2339,1,high
DSC07812.jpg,dammastock-suisse-ski-randonnee-arete.jpg,portfolio,Skieurs en itinérance sous une arête enneigée au Dammastock.,Dammastock Suisse Ski Randonnee Arete,,Skieurs en itinérance sous une arête enneigée au Dammastock.,2023-04-06T14:39:04.243+02:00,46.775494,8.461516,2390,123,medium
DSC07835.jpg,dammastock-suisse-groupe-ski-montagne.jpg,portfolio,Groupe de skieurs en progression dans le massif du Dammastock.,Dammastock Suisse Groupe Ski Montagne,,Groupe de skieurs en progression dans le massif du Dammastock.,2023-04-07T06:52:43.968+02:00,46.751719,8.470921,2259,3507,low
DSC07868.jpg,dammastock-suisse-passage-rocheux-ski-alpinisme.jpg,narrative,"Skieurs franchissant un passage rocheux pendant la traversée du Dammastock, en Suisse.",Dammastock Suisse Passage Rocheux Ski Alpinisme,,"Skieurs franchissant un passage rocheux pendant la traversée du Dammastock, en Suisse.",2023-04-07T08:50:39.465+02:00,46.762630,8.467136,2562,27,high
