source_exacte,fichier_web,DateTimeOriginal,fuseau_utilisé,latitude_GPX,longitude_GPX,écart_photo_GPX_secondes,certitude_GPX,localisation,titre_media,texte_alternatif,legende,description,EXIF_complets_identiques,octets_source,octets_web,action
20250324_175013.jpg,suisse-dammastock-titlis-ski-randonnee-20250324-175013-001.jpg,2025:03:24 17:50:13,+01:00,46.6780257,8.3136302,0,élevée,"traversée à ski Dammastock–Titlis, Alpes suisses — jour 1","Passage étroit entre les rochers — traversée à ski Dammastock–Titlis, Alpes suisses","Passage étroit entre les rochers pendant la traversée Dammastock–Titlis dans les Alpes suisses, au jour 1 de l’itinérance.","Passage étroit entre les rochers, jour 1 de la traversée Dammastock–Titlis dans les Alpes suisses.","La photographie montre passage étroit entre les rochers, pendant la traversée Dammastock–Titlis dans les Alpes suisses. La localisation est issue du rapprochement temporel avec la trace GPX : 46.678026, 8.313630 (écart 0 secondes, confiance élevée). Nom source : 20250324_175013.jpg.",True,7017557,390025,passage étroit entre les rochers
20250327_085103.jpg,suisse-dammastock-titlis-ski-randonnee-20250327-085103-002.jpg,2025:03:27 08:51:03,+01:00,46.7675205,8.4484499,0,élevée,"traversée à ski Dammastock–Titlis, Alpes suisses — jour 4","Aiguille rocheuse sous le ciel bleu — traversée à ski Dammastock–Titlis, Alpes suisses","Aiguille rocheuse sous le ciel bleu pendant la traversée Dammastock–Titlis dans les Alpes suisses, au jour 4 de l’itinérance.","Aiguille rocheuse sous le ciel bleu, jour 4 de la traversée Dammastock–Titlis dans les Alpes suisses.","La photographie montre aiguille rocheuse sous le ciel bleu, pendant la traversée Dammastock–Titlis dans les Alpes suisses. La localisation est issue du rapprochement temporel avec la trace GPX : 46.767521, 8.448450 (écart 0 secondes, confiance élevée). Nom source : 20250327_085103.jpg.",True,13071212,1001034,aiguille rocheuse sous le ciel bleu
20250327_095008.jpg,suisse-dammastock-titlis-ski-randonnee-20250327-095008-003.jpg,2025:03:27 09:50:08,+01:00,46.7634613,8.4484469,1,élevée,"traversée à ski Dammastock–Titlis, Alpes suisses — jour 4","Couloir enneigé dominé par les parois — traversée à ski Dammastock–Titlis, Alpes suisses","Couloir enneigé dominé par les parois pendant la traversée Dammastock–Titlis dans les Alpes suisses, au jour 4 de l’itinérance.","Couloir enneigé dominé par les parois, jour 4 de la traversée Dammastock–Titlis dans les Alpes suisses.","La photographie montre couloir enneigé dominé par les parois, pendant la traversée Dammastock–Titlis dans les Alpes suisses. La localisation est issue du rapprochement temporel avec la trace GPX : 46.763461, 8.448447 (écart 1 secondes, confiance élevée). Nom source : 20250327_095008.jpg.",True,13970470,1246186,couloir enneigé dominé par les parois
DSC08730 (2025-04-03T10_28_26.099).jpg,suisse-dammastock-titlis-ski-randonnee-dsc08730-2025-04-03t10-28-26-099-004.jpg,2025:03:24 19:42:42,+01:00,46.6880411,8.3422067,1,élevée,"traversée à ski Dammastock–Titlis, Alpes suisses — jour 1","Arrivée nocturne dans une cabane — traversée à ski Dammastock–Titlis, Alpes suisses","Arrivée nocturne dans une cabane pendant la traversée Dammastock–Titlis dans les Alpes suisses, au jour 1 de l’itinérance.","Arrivée nocturne dans une cabane, jour 1 de la traversée Dammastock–Titlis dans les Alpes suisses.","La photographie montre arrivée nocturne dans une cabane, pendant la traversée Dammastock–Titlis dans les Alpes suisses. La localisation est issue du rapprochement temporel avec la trace GPX : 46.688041, 8.342207 (écart 1 secondes, confiance élevée). Nom source : DSC08730 (2025-04-03T10_28_26.099).jpg.",True,768539,370358,arrivée nocturne dans une cabane
DSC08761.jpg,suisse-dammastock-titlis-ski-randonnee-dsc08761-005.jpg,2025:03:24 21:51:03,+01:00,46.6948364,8.347991,6100,faible,"traversée à ski Dammastock–Titlis, Alpes suisses — jour 1","Dîner convivial dans la cabane — traversée à ski Dammastock–Titlis, Alpes suisses","Dîner convivial dans la cabane pendant la traversée Dammastock–Titlis dans les Alpes suisses, au jour 1 de l’itinérance.","Dîner convivial dans la cabane, jour 1 de la traversée Dammastock–Titlis dans les Alpes suisses.","La photographie montre dîner convivial dans la cabane, pendant la traversée Dammastock–Titlis dans les Alpes suisses. La localisation est issue du rapprochement temporel avec la trace GPX : 46.694836, 8.347991 (écart 6100 secondes, confiance faible). Nom source : DSC08761.jpg.",True,872103,395112,dîner convivial dans la cabane
DSC08763 (2025-04-03T10_28_48.853).jpg,suisse-dammastock-titlis-ski-randonnee-dsc08763-2025-04-03t10-28-48-853-006.jpg,2025:03:25 06:22:47,+01:00,46.6948541,8.3479728,7817,faible,"traversée à ski Dammastock–Titlis, Alpes suisses — jour 2","Lever du jour sur les montagnes suisses — traversée à ski Dammastock–Titlis, Alpes suisses","Lever du jour sur les montagnes suisses pendant la traversée Dammastock–Titlis dans les Alpes suisses, au jour 2 de l’itinérance.","Lever du jour sur les montagnes suisses, jour 2 de la traversée Dammastock–Titlis dans les Alpes suisses.","La photographie montre lever du jour sur les montagnes suisses, pendant la traversée Dammastock–Titlis dans les Alpes suisses. La localisation est issue du rapprochement temporel avec la trace GPX : 46.694854, 8.347973 (écart 7817 secondes, confiance faible). Nom source : DSC08763 (2025-04-03T10_28_48.853).jpg.",True,736984,326837,lever du jour sur les montagnes suisses
DSC08781.jpg,suisse-dammastock-titlis-ski-randonnee-dsc08781-007.jpg,2025:03:25 08:38:23,+01:00,46.6948825,8.3500413,1,élevée,"traversée à ski Dammastock–Titlis, Alpes suisses — jour 2","Traversée d’une passerelle suspendue — traversée à ski Dammastock–Titlis, Alpes suisses","Traversée d’une passerelle suspendue pendant la traversée Dammastock–Titlis dans les Alpes suisses, au jour 2 de l’itinérance.","Traversée d’une passerelle suspendue, jour 2 de la traversée Dammastock–Titlis dans les Alpes suisses.","La photographie montre traversée d’une passerelle suspendue, pendant la traversée Dammastock–Titlis dans les Alpes suisses. La localisation est issue du rapprochement temporel avec la trace GPX : 46.694882, 8.350041 (écart 1 secondes, confiance élevée). Nom source : DSC08781.jpg.",True,1412929,628883,traversée d’une passerelle suspendue
DSC08804.jpg,suisse-dammastock-titlis-ski-randonnee-dsc08804-008.jpg,2025:03:25 08:48:04,+01:00,46.6944289,8.3560504,1,élevée,"traversée à ski Dammastock–Titlis, Alpes suisses — jour 2","Panorama sur un lac encore gelé — traversée à ski Dammastock–Titlis, Alpes suisses","Panorama sur un lac encore gelé pendant la traversée Dammastock–Titlis dans les Alpes suisses, au jour 2 de l’itinérance.","Panorama sur un lac encore gelé, jour 2 de la traversée Dammastock–Titlis dans les Alpes suisses.","La photographie montre panorama sur un lac encore gelé, pendant la traversée Dammastock–Titlis dans les Alpes suisses. La localisation est issue du rapprochement temporel avec la trace GPX : 46.694429, 8.356050 (écart 1 secondes, confiance élevée). Nom source : DSC08804.jpg.",True,1097062,491480,panorama sur un lac encore gelé
DSC08855.jpg,suisse-dammastock-titlis-ski-randonnee-dsc08855-009.jpg,2025:03:26 07:07:25,+01:00,46.7305589,8.4276707,1037,moyenne,"traversée à ski Dammastock–Titlis, Alpes suisses — jour 3","Passage devant l’hôtel du glacier du rhône — traversée à ski Dammastock–Titlis, Alpes suisses","Passage devant l’hôtel du glacier du rhône pendant la traversée Dammastock–Titlis dans les Alpes suisses, au jour 3 de l’itinérance.","Passage devant l’hôtel du glacier du rhône, jour 3 de la traversée Dammastock–Titlis dans les Alpes suisses.","La photographie montre passage devant l’hôtel du glacier du Rhône, pendant la traversée Dammastock–Titlis dans les Alpes suisses. La localisation est issue du rapprochement temporel avec la trace GPX : 46.730559, 8.427671 (écart 1037 secondes, confiance moyenne). Nom source : DSC08855.jpg.",True,751922,357094,passage devant l’hôtel du glacier du Rhône
DSC08878.jpg,suisse-dammastock-titlis-ski-randonnee-dsc08878-010.jpg,2025:03:26 13:52:59,+01:00,46.7701728,8.4466889,970,moyenne,"traversée à ski Dammastock–Titlis, Alpes suisses — jour 3","Pause déjeuner dans une cabane — traversée à ski Dammastock–Titlis, Alpes suisses","Pause déjeuner dans une cabane pendant la traversée Dammastock–Titlis dans les Alpes suisses, au jour 3 de l’itinérance.","Pause déjeuner dans une cabane, jour 3 de la traversée Dammastock–Titlis dans les Alpes suisses.","La photographie montre pause déjeuner dans une cabane, pendant la traversée Dammastock–Titlis dans les Alpes suisses. La localisation est issue du rapprochement temporel avec la trace GPX : 46.770173, 8.446689 (écart 970 secondes, confiance moyenne). Nom source : DSC08878.jpg.",True,712049,331472,pause déjeuner dans une cabane
DSC08904.jpg,suisse-dammastock-titlis-ski-randonnee-dsc08904-011.jpg,2025:03:26 18:23:02,+01:00,46.7701728,8.4466889,17173,faible,"traversée à ski Dammastock–Titlis, Alpes suisses — jour 3","Portrait amusé après l’étape — traversée à ski Dammastock–Titlis, Alpes suisses","Portrait amusé après l’étape pendant la traversée Dammastock–Titlis dans les Alpes suisses, au jour 3 de l’itinérance.","Portrait amusé après l’étape, jour 3 de la traversée Dammastock–Titlis dans les Alpes suisses.","La photographie montre portrait amusé après l’étape, pendant la traversée Dammastock–Titlis dans les Alpes suisses. La localisation est issue du rapprochement temporel avec la trace GPX : 46.770173, 8.446689 (écart 17173 secondes, confiance faible). Nom source : DSC08904.jpg.",True,692319,306274,portrait amusé après l’étape
DSC08916.jpg,suisse-dammastock-titlis-ski-randonnee-dsc08916-012.jpg,2025:03:27 06:53:23,+01:00,46.770135,8.4466727,4860,faible,"traversée à ski Dammastock–Titlis, Alpes suisses — jour 4","Petit-déjeuner avant le départ — traversée à ski Dammastock–Titlis, Alpes suisses","Petit-déjeuner avant le départ pendant la traversée Dammastock–Titlis dans les Alpes suisses, au jour 4 de l’itinérance.","Petit-déjeuner avant le départ, jour 4 de la traversée Dammastock–Titlis dans les Alpes suisses.","La photographie montre petit-déjeuner avant le départ, pendant la traversée Dammastock–Titlis dans les Alpes suisses. La localisation est issue du rapprochement temporel avec la trace GPX : 46.770135, 8.446673 (écart 4860 secondes, confiance faible). Nom source : DSC08916.jpg.",True,781494,350254,petit-déjeuner avant le départ
DSC08942.jpg,suisse-dammastock-titlis-ski-randonnee-dsc08942-013.jpg,2025:03:27 07:34:31,+01:00,46.770135,8.4466727,2392,faible,"traversée à ski Dammastock–Titlis, Alpes suisses — jour 4","Cabane blottie sous une grande aiguille — traversée à ski Dammastock–Titlis, Alpes suisses","Cabane blottie sous une grande aiguille pendant la traversée Dammastock–Titlis dans les Alpes suisses, au jour 4 de l’itinérance.","Cabane blottie sous une grande aiguille, jour 4 de la traversée Dammastock–Titlis dans les Alpes suisses.","La photographie montre cabane blottie sous une grande aiguille, pendant la traversée Dammastock–Titlis dans les Alpes suisses. La localisation est issue du rapprochement temporel avec la trace GPX : 46.770135, 8.446673 (écart 2392 secondes, confiance faible). Nom source : DSC08942.jpg.",True,860543,382805,cabane blottie sous une grande aiguille
DSC08992.jpg,suisse-dammastock-titlis-ski-randonnee-dsc08992-014.jpg,2025:03:27 07:52:48,+01:00,46.770135,8.4466727,1295,moyenne,"traversée à ski Dammastock–Titlis, Alpes suisses — jour 4","Descente à ski entre les nuages — traversée à ski Dammastock–Titlis, Alpes suisses","Descente à ski entre les nuages pendant la traversée Dammastock–Titlis dans les Alpes suisses, au jour 4 de l’itinérance.","Descente à ski entre les nuages, jour 4 de la traversée Dammastock–Titlis dans les Alpes suisses.","La photographie montre descente à ski entre les nuages, pendant la traversée Dammastock–Titlis dans les Alpes suisses. La localisation est issue du rapprochement temporel avec la trace GPX : 46.770135, 8.446673 (écart 1295 secondes, confiance moyenne). Nom source : DSC08992.jpg.",True,526840,213709,descente à ski entre les nuages
DSC09025 (2025-04-03T10_27_55.558).jpg,suisse-dammastock-titlis-ski-randonnee-dsc09025-2025-04-03t10-27-55-558-015.jpg,2025:03:27 07:58:31,+01:00,46.770135,8.4466727,952,moyenne,"traversée à ski Dammastock–Titlis, Alpes suisses — jour 4","Sommets émergeant d’une mer de nuages — traversée à ski Dammastock–Titlis, Alpes suisses","Sommets émergeant d’une mer de nuages pendant la traversée Dammastock–Titlis dans les Alpes suisses, au jour 4 de l’itinérance.","Sommets émergeant d’une mer de nuages, jour 4 de la traversée Dammastock–Titlis dans les Alpes suisses.","La photographie montre sommets émergeant d’une mer de nuages, pendant la traversée Dammastock–Titlis dans les Alpes suisses. La localisation est issue du rapprochement temporel avec la trace GPX : 46.770135, 8.446673 (écart 952 secondes, confiance moyenne). Nom source : DSC09025 (2025-04-03T10_27_55.558).jpg.",True,565572,239573,sommets émergeant d’une mer de nuages
DSC09069.jpg,suisse-dammastock-titlis-ski-randonnee-dsc09069-016.jpg,2025:03:27 08:07:34,+01:00,46.770135,8.4466727,409,moyenne,"traversée à ski Dammastock–Titlis, Alpes suisses — jour 4","Montée à ski sous une aiguille rocheuse — traversée à ski Dammastock–Titlis, Alpes suisses","Montée à ski sous une aiguille rocheuse pendant la traversée Dammastock–Titlis dans les Alpes suisses, au jour 4 de l’itinérance.","Montée à ski sous une aiguille rocheuse, jour 4 de la traversée Dammastock–Titlis dans les Alpes suisses.","La photographie montre montée à ski sous une aiguille rocheuse, pendant la traversée Dammastock–Titlis dans les Alpes suisses. La localisation est issue du rapprochement temporel avec la trace GPX : 46.770135, 8.446673 (écart 409 secondes, confiance moyenne). Nom source : DSC09069.jpg.",True,743811,320122,montée à ski sous une aiguille rocheuse
DSC09118.jpg,suisse-dammastock-titlis-ski-randonnee-dsc09118-017.jpg,2025:03:27 08:38:08,+01:00,46.7685089,8.4480065,2,élevée,"traversée à ski Dammastock–Titlis, Alpes suisses — jour 4","Grande aiguille dominant le glacier — traversée à ski Dammastock–Titlis, Alpes suisses","Grande aiguille dominant le glacier pendant la traversée Dammastock–Titlis dans les Alpes suisses, au jour 4 de l’itinérance.","Grande aiguille dominant le glacier, jour 4 de la traversée Dammastock–Titlis dans les Alpes suisses.","La photographie montre grande aiguille dominant le glacier, pendant la traversée Dammastock–Titlis dans les Alpes suisses. La localisation est issue du rapprochement temporel avec la trace GPX : 46.768509, 8.448006 (écart 2 secondes, confiance élevée). Nom source : DSC09118.jpg.",True,812985,401325,grande aiguille dominant le glacier
DSC09143.jpg,suisse-dammastock-titlis-ski-randonnee-dsc09143-018.jpg,2025:03:27 08:45:03,+01:00,46.7680261,8.4477155,1,élevée,"traversée à ski Dammastock–Titlis, Alpes suisses — jour 4","Groupe montant au-dessus des nuages — traversée à ski Dammastock–Titlis, Alpes suisses","Groupe montant au-dessus des nuages pendant la traversée Dammastock–Titlis dans les Alpes suisses, au jour 4 de l’itinérance.","Groupe montant au-dessus des nuages, jour 4 de la traversée Dammastock–Titlis dans les Alpes suisses.","La photographie montre groupe montant au-dessus des nuages, pendant la traversée Dammastock–Titlis dans les Alpes suisses. La localisation est issue du rapprochement temporel avec la trace GPX : 46.768026, 8.447715 (écart 1 secondes, confiance élevée). Nom source : DSC09143.jpg.",True,717993,316819,groupe montant au-dessus des nuages
DSC09192.jpg,suisse-dammastock-titlis-ski-randonnee-dsc09192-019.jpg,2025:03:27 09:12:20,+01:00,46.7659907,8.4505697,1,élevée,"traversée à ski Dammastock–Titlis, Alpes suisses — jour 4","Skieurs en conversion sur une pente — traversée à ski Dammastock–Titlis, Alpes suisses","Skieurs en conversion sur une pente pendant la traversée Dammastock–Titlis dans les Alpes suisses, au jour 4 de l’itinérance.","Skieurs en conversion sur une pente, jour 4 de la traversée Dammastock–Titlis dans les Alpes suisses.","La photographie montre skieurs en conversion sur une pente, pendant la traversée Dammastock–Titlis dans les Alpes suisses. La localisation est issue du rapprochement temporel avec la trace GPX : 46.765991, 8.450570 (écart 1 secondes, confiance élevée). Nom source : DSC09192.jpg.",True,786043,341208,skieurs en conversion sur une pente
DSC09208.jpg,suisse-dammastock-titlis-ski-randonnee-dsc09208-020.jpg,2025:03:27 09:15:01,+01:00,46.7657767,8.4515258,0,élevée,"traversée à ski Dammastock–Titlis, Alpes suisses — jour 4","Progression en file sur une arête — traversée à ski Dammastock–Titlis, Alpes suisses","Progression en file sur une arête pendant la traversée Dammastock–Titlis dans les Alpes suisses, au jour 4 de l’itinérance.","Progression en file sur une arête, jour 4 de la traversée Dammastock–Titlis dans les Alpes suisses.","La photographie montre progression en file sur une arête, pendant la traversée Dammastock–Titlis dans les Alpes suisses. La localisation est issue du rapprochement temporel avec la trace GPX : 46.765777, 8.451526 (écart 0 secondes, confiance élevée). Nom source : DSC09208.jpg.",True,666189,297311,progression en file sur une arête
DSC09216.jpg,suisse-dammastock-titlis-ski-randonnee-dsc09216-021.jpg,2025:03:27 09:16:26,+01:00,46.7656463,8.4517575,0,élevée,"traversée à ski Dammastock–Titlis, Alpes suisses — jour 4","Sommet isolé au-dessus des nuages — traversée à ski Dammastock–Titlis, Alpes suisses","Sommet isolé au-dessus des nuages pendant la traversée Dammastock–Titlis dans les Alpes suisses, au jour 4 de l’itinérance.","Sommet isolé au-dessus des nuages, jour 4 de la traversée Dammastock–Titlis dans les Alpes suisses.","La photographie montre sommet isolé au-dessus des nuages, pendant la traversée Dammastock–Titlis dans les Alpes suisses. La localisation est issue du rapprochement temporel avec la trace GPX : 46.765646, 8.451757 (écart 0 secondes, confiance élevée). Nom source : DSC09216.jpg.",True,452104,171427,sommet isolé au-dessus des nuages
DSC09221.jpg,suisse-dammastock-titlis-ski-randonnee-dsc09221-022.jpg,2025:03:27 09:16:43,+01:00,46.7656316,8.4516994,1,élevée,"traversée à ski Dammastock–Titlis, Alpes suisses — jour 4","Groupe remontant une arête étroite — traversée à ski Dammastock–Titlis, Alpes suisses","Groupe remontant une arête étroite pendant la traversée Dammastock–Titlis dans les Alpes suisses, au jour 4 de l’itinérance.","Groupe remontant une arête étroite, jour 4 de la traversée Dammastock–Titlis dans les Alpes suisses.","La photographie montre groupe remontant une arête étroite, pendant la traversée Dammastock–Titlis dans les Alpes suisses. La localisation est issue du rapprochement temporel avec la trace GPX : 46.765632, 8.451699 (écart 1 secondes, confiance élevée). Nom source : DSC09221.jpg.",True,701024,311770,groupe remontant une arête étroite
DSC09225.jpg,suisse-dammastock-titlis-ski-randonnee-dsc09225-023.jpg,2025:03:27 09:16:54,+01:00,46.7656082,8.4516288,1,élevée,"traversée à ski Dammastock–Titlis, Alpes suisses — jour 4","Pause du groupe sur un sommet — traversée à ski Dammastock–Titlis, Alpes suisses","Pause du groupe sur un sommet pendant la traversée Dammastock–Titlis dans les Alpes suisses, au jour 4 de l’itinérance.","Pause du groupe sur un sommet, jour 4 de la traversée Dammastock–Titlis dans les Alpes suisses.","La photographie montre pause du groupe sur un sommet, pendant la traversée Dammastock–Titlis dans les Alpes suisses. La localisation est issue du rapprochement temporel avec la trace GPX : 46.765608, 8.451629 (écart 1 secondes, confiance élevée). Nom source : DSC09225.jpg.",True,634516,284238,pause du groupe sur un sommet
DSC09237 (2025-04-03T10_27_15.375).jpg,suisse-dammastock-titlis-ski-randonnee-dsc09237-2025-04-03t10-27-15-375-024.jpg,2025:03:27 09:30:29,+01:00,46.7641887,8.449608,2,élevée,"traversée à ski Dammastock–Titlis, Alpes suisses — jour 4","Panorama sur l’itinéraire d’altitude — traversée à ski Dammastock–Titlis, Alpes suisses","Panorama sur l’itinéraire d’altitude pendant la traversée Dammastock–Titlis dans les Alpes suisses, au jour 4 de l’itinérance.","Panorama sur l’itinéraire d’altitude, jour 4 de la traversée Dammastock–Titlis dans les Alpes suisses.","La photographie montre panorama sur l’itinéraire d’altitude, pendant la traversée Dammastock–Titlis dans les Alpes suisses. La localisation est issue du rapprochement temporel avec la trace GPX : 46.764189, 8.449608 (écart 2 secondes, confiance élevée). Nom source : DSC09237 (2025-04-03T10_27_15.375).jpg.",True,730902,343225,panorama sur l’itinéraire d’altitude
DSC09263.jpg,suisse-dammastock-titlis-ski-randonnee-dsc09263-025.jpg,2025:03:27 09:37:24,+01:00,46.7635804,8.4485607,2,élevée,"traversée à ski Dammastock–Titlis, Alpes suisses — jour 4","Virage dynamique dans la poudreuse — traversée à ski Dammastock–Titlis, Alpes suisses","Virage dynamique dans la poudreuse pendant la traversée Dammastock–Titlis dans les Alpes suisses, au jour 4 de l’itinérance.","Virage dynamique dans la poudreuse, jour 4 de la traversée Dammastock–Titlis dans les Alpes suisses.","La photographie montre virage dynamique dans la poudreuse, pendant la traversée Dammastock–Titlis dans les Alpes suisses. La localisation est issue du rapprochement temporel avec la trace GPX : 46.763580, 8.448561 (écart 2 secondes, confiance élevée). Nom source : DSC09263.jpg.",True,661341,281466,virage dynamique dans la poudreuse
DSC09268.jpg,suisse-dammastock-titlis-ski-randonnee-dsc09268-026.jpg,2025:03:27 09:40:48,+01:00,46.7634613,8.4484469,2,élevée,"traversée à ski Dammastock–Titlis, Alpes suisses — jour 4","Grande traversée sous les sommets — traversée à ski Dammastock–Titlis, Alpes suisses","Grande traversée sous les sommets pendant la traversée Dammastock–Titlis dans les Alpes suisses, au jour 4 de l’itinérance.","Grande traversée sous les sommets, jour 4 de la traversée Dammastock–Titlis dans les Alpes suisses.","La photographie montre grande traversée sous les sommets, pendant la traversée Dammastock–Titlis dans les Alpes suisses. La localisation est issue du rapprochement temporel avec la trace GPX : 46.763461, 8.448447 (écart 2 secondes, confiance élevée). Nom source : DSC09268.jpg.",True,949358,447429,grande traversée sous les sommets
DSC09274.jpg,suisse-dammastock-titlis-ski-randonnee-dsc09274-027.jpg,2025:03:27 09:41:12,+01:00,46.7634613,8.4484469,1,élevée,"traversée à ski Dammastock–Titlis, Alpes suisses — jour 4","Skieurs suivant une ligne en balcon — traversée à ski Dammastock–Titlis, Alpes suisses","Skieurs suivant une ligne en balcon pendant la traversée Dammastock–Titlis dans les Alpes suisses, au jour 4 de l’itinérance.","Skieurs suivant une ligne en balcon, jour 4 de la traversée Dammastock–Titlis dans les Alpes suisses.","La photographie montre skieurs suivant une ligne en balcon, pendant la traversée Dammastock–Titlis dans les Alpes suisses. La localisation est issue du rapprochement temporel avec la trace GPX : 46.763461, 8.448447 (écart 1 secondes, confiance élevée). Nom source : DSC09274.jpg.",True,918850,432389,skieurs suivant une ligne en balcon
DSC09288.jpg,suisse-dammastock-titlis-ski-randonnee-dsc09288-028.jpg,2025:03:27 09:54:50,+01:00,46.7634613,8.4484469,2,élevée,"traversée à ski Dammastock–Titlis, Alpes suisses — jour 4","Montée face aux aiguilles — traversée à ski Dammastock–Titlis, Alpes suisses","Montée face aux aiguilles pendant la traversée Dammastock–Titlis dans les Alpes suisses, au jour 4 de l’itinérance.","Montée face aux aiguilles, jour 4 de la traversée Dammastock–Titlis dans les Alpes suisses.","La photographie montre montée face aux aiguilles, pendant la traversée Dammastock–Titlis dans les Alpes suisses. La localisation est issue du rapprochement temporel avec la trace GPX : 46.763461, 8.448447 (écart 2 secondes, confiance élevée). Nom source : DSC09288.jpg.",True,675283,303928,montée face aux aiguilles
DSC09301.jpg,suisse-dammastock-titlis-ski-randonnee-dsc09301-029.jpg,2025:03:27 09:57:51,+01:00,46.7634613,8.4484469,2,élevée,"traversée à ski Dammastock–Titlis, Alpes suisses — jour 4","Descente dans un vallon suspendu — traversée à ski Dammastock–Titlis, Alpes suisses","Descente dans un vallon suspendu pendant la traversée Dammastock–Titlis dans les Alpes suisses, au jour 4 de l’itinérance.","Descente dans un vallon suspendu, jour 4 de la traversée Dammastock–Titlis dans les Alpes suisses.","La photographie montre descente dans un vallon suspendu, pendant la traversée Dammastock–Titlis dans les Alpes suisses. La localisation est issue du rapprochement temporel avec la trace GPX : 46.763461, 8.448447 (écart 2 secondes, confiance élevée). Nom source : DSC09301.jpg.",True,687385,298758,descente dans un vallon suspendu
DSC09374.jpg,suisse-dammastock-titlis-ski-randonnee-dsc09374-030.jpg,2025:03:27 11:32:27,+01:00,46.7762363,8.4841004,0,élevée,"traversée à ski Dammastock–Titlis, Alpes suisses — jour 4","Groupe en traversée sous les parois — traversée à ski Dammastock–Titlis, Alpes suisses","Groupe en traversée sous les parois pendant la traversée Dammastock–Titlis dans les Alpes suisses, au jour 4 de l’itinérance.","Groupe en traversée sous les parois, jour 4 de la traversée Dammastock–Titlis dans les Alpes suisses.","La photographie montre groupe en traversée sous les parois, pendant la traversée Dammastock–Titlis dans les Alpes suisses. La localisation est issue du rapprochement temporel avec la trace GPX : 46.776236, 8.484100 (écart 0 secondes, confiance élevée). Nom source : DSC09374.jpg.",True,789802,342748,groupe en traversée sous les parois
DSC09425 (2025-04-03T10_27_26.043).jpg,suisse-dammastock-titlis-ski-randonnee-dsc09425-2025-04-03t10-27-26-043-031.jpg,2025:03:27 14:02:06,+01:00,46.776681,8.5012242,2,élevée,"traversée à ski Dammastock–Titlis, Alpes suisses — jour 4","Cordée à ski sur un vaste versant — traversée à ski Dammastock–Titlis, Alpes suisses","Cordée à ski sur un vaste versant pendant la traversée Dammastock–Titlis dans les Alpes suisses, au jour 4 de l’itinérance.","Cordée à ski sur un vaste versant, jour 4 de la traversée Dammastock–Titlis dans les Alpes suisses.","La photographie montre cordée à ski sur un vaste versant, pendant la traversée Dammastock–Titlis dans les Alpes suisses. La localisation est issue du rapprochement temporel avec la trace GPX : 46.776681, 8.501224 (écart 2 secondes, confiance élevée). Nom source : DSC09425 (2025-04-03T10_27_26.043).jpg.",True,495796,199971,cordée à ski sur un vaste versant
DSC09447 (2025-04-03T10_27_33.645).jpg,suisse-dammastock-titlis-ski-randonnee-dsc09447-2025-04-03t10-27-33-645-032.jpg,2025:03:27 14:52:24,+01:00,46.7755348,8.5034707,1,élevée,"traversée à ski Dammastock–Titlis, Alpes suisses — jour 4","Arrivée sur un plateau panoramique — traversée à ski Dammastock–Titlis, Alpes suisses","Arrivée sur un plateau panoramique pendant la traversée Dammastock–Titlis dans les Alpes suisses, au jour 4 de l’itinérance.","Arrivée sur un plateau panoramique, jour 4 de la traversée Dammastock–Titlis dans les Alpes suisses.","La photographie montre arrivée sur un plateau panoramique, pendant la traversée Dammastock–Titlis dans les Alpes suisses. La localisation est issue du rapprochement temporel avec la trace GPX : 46.775535, 8.503471 (écart 1 secondes, confiance élevée). Nom source : DSC09447 (2025-04-03T10_27_33.645).jpg.",True,611357,260884,arrivée sur un plateau panoramique
DSC09449.jpg,suisse-dammastock-titlis-ski-randonnee-dsc09449-033.jpg,2025:03:27 14:52:49,+01:00,46.7755348,8.5034707,1,élevée,"traversée à ski Dammastock–Titlis, Alpes suisses — jour 4","Tours rocheuses dans la lumière du soir — traversée à ski Dammastock–Titlis, Alpes suisses","Tours rocheuses dans la lumière du soir pendant la traversée Dammastock–Titlis dans les Alpes suisses, au jour 4 de l’itinérance.","Tours rocheuses dans la lumière du soir, jour 4 de la traversée Dammastock–Titlis dans les Alpes suisses.","La photographie montre tours rocheuses dans la lumière du soir, pendant la traversée Dammastock–Titlis dans les Alpes suisses. La localisation est issue du rapprochement temporel avec la trace GPX : 46.775535, 8.503471 (écart 1 secondes, confiance élevée). Nom source : DSC09449.jpg.",True,615080,266318,tours rocheuses dans la lumière du soir
DSC09460.jpg,suisse-dammastock-titlis-ski-randonnee-dsc09460-034.jpg,2025:03:27 15:03:01,+01:00,46.7755348,8.5034707,1,élevée,"traversée à ski Dammastock–Titlis, Alpes suisses — jour 4","Descente sous les tours rocheuses — traversée à ski Dammastock–Titlis, Alpes suisses","Descente sous les tours rocheuses pendant la traversée Dammastock–Titlis dans les Alpes suisses, au jour 4 de l’itinérance.","Descente sous les tours rocheuses, jour 4 de la traversée Dammastock–Titlis dans les Alpes suisses.","La photographie montre descente sous les tours rocheuses, pendant la traversée Dammastock–Titlis dans les Alpes suisses. La localisation est issue du rapprochement temporel avec la trace GPX : 46.775535, 8.503471 (écart 1 secondes, confiance élevée). Nom source : DSC09460.jpg.",True,697202,304275,descente sous les tours rocheuses
DSC09502.jpg,suisse-dammastock-titlis-ski-randonnee-dsc09502-035.jpg,2025:03:28 05:22:10,+01:00,46.7998381,8.509558,518,moyenne,"traversée à ski Dammastock–Titlis, Alpes suisses — jour 5","Départ nocturne à la frontale — traversée à ski Dammastock–Titlis, Alpes suisses","Départ nocturne à la frontale pendant la traversée Dammastock–Titlis dans les Alpes suisses, au jour 5 de l’itinérance.","Départ nocturne à la frontale, jour 5 de la traversée Dammastock–Titlis dans les Alpes suisses.","La photographie montre départ nocturne à la frontale, pendant la traversée Dammastock–Titlis dans les Alpes suisses. La localisation est issue du rapprochement temporel avec la trace GPX : 46.799838, 8.509558 (écart 518 secondes, confiance moyenne). Nom source : DSC09502.jpg.",True,818107,358536,départ nocturne à la frontale
DSC09521.jpg,suisse-dammastock-titlis-ski-randonnee-dsc09521-036.jpg,2025:03:28 05:57:11,+01:00,46.801437,8.5068896,3,élevée,"traversée à ski Dammastock–Titlis, Alpes suisses — jour 5","Alpenglow sur un sommet rocheux — traversée à ski Dammastock–Titlis, Alpes suisses","Alpenglow sur un sommet rocheux pendant la traversée Dammastock–Titlis dans les Alpes suisses, au jour 5 de l’itinérance.","Alpenglow sur un sommet rocheux, jour 5 de la traversée Dammastock–Titlis dans les Alpes suisses.","La photographie montre alpenglow sur un sommet rocheux, pendant la traversée Dammastock–Titlis dans les Alpes suisses. La localisation est issue du rapprochement temporel avec la trace GPX : 46.801437, 8.506890 (écart 3 secondes, confiance élevée). Nom source : DSC09521.jpg.",True,722404,326762,alpenglow sur un sommet rocheux
DSC09547.jpg,suisse-dammastock-titlis-ski-randonnee-dsc09547-037.jpg,2025:03:28 07:58:26,+01:00,46.8074893,8.4982955,2,élevée,"traversée à ski Dammastock–Titlis, Alpes suisses — jour 5","Progression sur un plateau glaciaire — traversée à ski Dammastock–Titlis, Alpes suisses","Progression sur un plateau glaciaire pendant la traversée Dammastock–Titlis dans les Alpes suisses, au jour 5 de l’itinérance.","Progression sur un plateau glaciaire, jour 5 de la traversée Dammastock–Titlis dans les Alpes suisses.","La photographie montre progression sur un plateau glaciaire, pendant la traversée Dammastock–Titlis dans les Alpes suisses. La localisation est issue du rapprochement temporel avec la trace GPX : 46.807489, 8.498295 (écart 2 secondes, confiance élevée). Nom source : DSC09547.jpg.",True,604513,259941,progression sur un plateau glaciaire
DSC09606.jpg,suisse-dammastock-titlis-ski-randonnee-dsc09606-038.jpg,2025:03:28 10:31:04,+01:00,46.8087265,8.4731702,2,élevée,"traversée à ski Dammastock–Titlis, Alpes suisses — jour 5","Montée du groupe au-dessus de la mer de nuages — traversée à ski Dammastock–Titlis, Alpes suisses","Montée du groupe au-dessus de la mer de nuages pendant la traversée Dammastock–Titlis dans les Alpes suisses, au jour 5 de l’itinérance.","Montée du groupe au-dessus de la mer de nuages, jour 5 de la traversée Dammastock–Titlis dans les Alpes suisses.","La photographie montre montée du groupe au-dessus de la mer de nuages, pendant la traversée Dammastock–Titlis dans les Alpes suisses. La localisation est issue du rapprochement temporel avec la trace GPX : 46.808726, 8.473170 (écart 2 secondes, confiance élevée). Nom source : DSC09606.jpg.",True,794444,362776,montée du groupe au-dessus de la mer de nuages
DSC09645 (2025-04-03T10_27_46.455).jpg,suisse-dammastock-titlis-ski-randonnee-dsc09645-2025-04-03t10-27-46-455-039.jpg,2025:03:28 12:01:23,+01:00,46.8136419,8.476679,1,élevée,"traversée à ski Dammastock–Titlis, Alpes suisses — jour 5","Passage auprès d’une croix sommitale — traversée à ski Dammastock–Titlis, Alpes suisses","Passage auprès d’une croix sommitale pendant la traversée Dammastock–Titlis dans les Alpes suisses, au jour 5 de l’itinérance.","Passage auprès d’une croix sommitale, jour 5 de la traversée Dammastock–Titlis dans les Alpes suisses.","La photographie montre passage auprès d’une croix sommitale, pendant la traversée Dammastock–Titlis dans les Alpes suisses. La localisation est issue du rapprochement temporel avec la trace GPX : 46.813642, 8.476679 (écart 1 secondes, confiance élevée). Nom source : DSC09645 (2025-04-03T10_27_46.455).jpg.",True,797288,349132,passage auprès d’une croix sommitale
DSC09657.jpg,suisse-dammastock-titlis-ski-randonnee-dsc09657-040.jpg,2025:03:28 12:40:01,+01:00,46.813726,8.478128,0,élevée,"traversée à ski Dammastock–Titlis, Alpes suisses — jour 5","Panorama sur les tours calcaires — traversée à ski Dammastock–Titlis, Alpes suisses","Panorama sur les tours calcaires pendant la traversée Dammastock–Titlis dans les Alpes suisses, au jour 5 de l’itinérance.","Panorama sur les tours calcaires, jour 5 de la traversée Dammastock–Titlis dans les Alpes suisses.","La photographie montre panorama sur les tours calcaires, pendant la traversée Dammastock–Titlis dans les Alpes suisses. La localisation est issue du rapprochement temporel avec la trace GPX : 46.813726, 8.478128 (écart 0 secondes, confiance élevée). Nom source : DSC09657.jpg.",True,735919,344837,panorama sur les tours calcaires
DSC09676.jpg,suisse-dammastock-titlis-ski-randonnee-dsc09676-041.jpg,2025:03:28 12:58:07,+01:00,46.8139747,8.4786168,2,élevée,"traversée à ski Dammastock–Titlis, Alpes suisses — jour 5","Dernier virage avant la vallée — traversée à ski Dammastock–Titlis, Alpes suisses","Dernier virage avant la vallée pendant la traversée Dammastock–Titlis dans les Alpes suisses, au jour 5 de l’itinérance.","Dernier virage avant la vallée, jour 5 de la traversée Dammastock–Titlis dans les Alpes suisses.","La photographie montre dernier virage avant la vallée, pendant la traversée Dammastock–Titlis dans les Alpes suisses. La localisation est issue du rapprochement temporel avec la trace GPX : 46.813975, 8.478617 (écart 2 secondes, confiance élevée). Nom source : DSC09676.jpg.",True,633481,274527,dernier virage avant la vallée
