source,fichier_web,DateTimeOriginal,date_contextuelle,justification_date,fuseau,latitude_GPX,longitude_GPX,écart_photo_GPX_secondes,certitude_GPX,localisation,action,titre_media,texte_alternatif,legende,description,EXIF_complets_identiques,octets_source,octets_web
DSC06767.jpg,georgie-svanetie-repas-groupe-guesthouse-01.jpg,2024:04:11 15:06:38,2024-04-11 15:06:38,Date EXIF utilisée telle quelle; localisation rapprochée de la trace GPX.,+04:00,43.0518711,42.5265439,88781,faible,"vallée de Becho, vers le massif de l’Ushba",repas partagé dans une guesthouse,"Repas partagé dans une guesthouse — vallée de Becho, vers le massif de l’Ushba","Compagnons réunis autour d’une table garnie, vallée de Becho, vers le massif de l’Ushba, pendant une traversée à ski en Haute-Svanétie.",Repas partagé dans une guesthouse pendant la traversée à ski de la Haute-Svanétie.,"Compagnons réunis autour d’une table garnie. Point GPX le plus proche temporellement : 43.051871, 42.526544, avec un écart de 88781 secondes.",True,1125975,543639
DSC06704.jpg,georgie-svanetie-interieur-maison-svane-02.jpg,2024:04:10 19:18:37,2024-04-10 19:18:37,Date EXIF utilisée telle quelle; localisation rapprochée de la trace GPX.,+04:00,43.0518711,42.5265439,17500,faible,"vallée de Becho, vers le massif de l’Ushba",intérieur d’une maison svane,"Intérieur d’une maison svane — vallée de Becho, vers le massif de l’Ushba","Pièce traditionnelle et objets du quotidien, vallée de Becho, vers le massif de l’Ushba, pendant une traversée à ski en Haute-Svanétie.",Intérieur d’une maison svane pendant la traversée à ski de la Haute-Svanétie.,"Pièce traditionnelle et objets du quotidien. Point GPX le plus proche temporellement : 43.051871, 42.526544, avec un écart de 17500 secondes.",True,828282,429218
DSC06692_1.jpg,georgie-svanetie-habitant-travaux-village-03.jpg,2024:04:10 17:56:50,2024-04-10 17:56:50,Date EXIF utilisée telle quelle; localisation rapprochée de la trace GPX.,+04:00,43.0518711,42.5265439,12593,faible,"vallée de Becho, vers le massif de l’Ushba",travaux dans le village,"Travaux dans le village — vallée de Becho, vers le massif de l’Ushba","Habitant travaillant devant une maison, vallée de Becho, vers le massif de l’Ushba, pendant une traversée à ski en Haute-Svanétie.",Travaux dans le village pendant la traversée à ski de la Haute-Svanétie.,"Habitant travaillant devant une maison. Point GPX le plus proche temporellement : 43.051871, 42.526544, avec un écart de 12593 secondes.",True,914596,463928
DSC06615.jpg,georgie-svanetie-portrait-habitant-svanetie-04.jpg,2024:04:10 16:30:33,2024-04-10 16:30:33,Date EXIF utilisée telle quelle; localisation rapprochée de la trace GPX.,+04:00,43.0518711,42.5265439,7416,faible,"vallée de Becho, vers le massif de l’Ushba",portrait d’un habitant,"Portrait d’un habitant — vallée de Becho, vers le massif de l’Ushba","Habitant debout dans l’encadrement d’une porte, vallée de Becho, vers le massif de l’Ushba, pendant une traversée à ski en Haute-Svanétie.",Portrait d’un habitant pendant la traversée à ski de la Haute-Svanétie.,"Habitant debout dans l’encadrement d’une porte. Point GPX le plus proche temporellement : 43.051871, 42.526544, avec un écart de 7416 secondes.",True,688698,314916
DSC06591.jpg,georgie-svanetie-portraits-locaux-05.jpg,2024:04:10 15:59:28,2024-04-10 15:59:28,Date EXIF utilisée telle quelle; localisation rapprochée de la trace GPX.,+04:00,43.0518711,42.5265439,5551,faible,"vallée de Becho, vers le massif de l’Ushba",rencontre avec des habitants,"Rencontre avec des habitants — vallée de Becho, vers le massif de l’Ushba","Deux hommes du village photographiés côte à côte, vallée de Becho, vers le massif de l’Ushba, pendant une traversée à ski en Haute-Svanétie.",Rencontre avec des habitants pendant la traversée à ski de la Haute-Svanétie.,"Deux hommes du village photographiés côte à côte. Point GPX le plus proche temporellement : 43.051871, 42.526544, avec un écart de 5551 secondes.",True,625992,292753
DSC06549.jpg,georgie-svanetie-repas-georgien-convivial-06.jpg,2024:04:10 14:41:51,2024-04-10 14:41:51,Date EXIF utilisée telle quelle; localisation rapprochée de la trace GPX.,+04:00,43.0518711,42.5265439,894,moyenne,"vallée de Becho, vers le massif de l’Ushba",repas géorgien convivial,"Repas géorgien convivial — vallée de Becho, vers le massif de l’Ushba","Groupe partageant de nombreux plats, vallée de Becho, vers le massif de l’Ushba, pendant une traversée à ski en Haute-Svanétie.",Repas géorgien convivial pendant la traversée à ski de la Haute-Svanétie.,"Groupe partageant de nombreux plats. Point GPX le plus proche temporellement : 43.051871, 42.526544, avec un écart de 894 secondes.",True,1133370,522811
DSC06517.jpg,georgie-svanetie-groupe-skieurs-guesthouse-07.jpg,2024:04:10 14:23:27,2024-04-10 14:23:27,Date EXIF utilisée telle quelle; localisation rapprochée de la trace GPX.,+04:00,43.0519265,42.5262911,0,élevée,"vallée de Becho, vers le massif de l’Ushba",groupe de skieurs dans la guesthouse,"Groupe de skieurs dans la guesthouse — vallée de Becho, vers le massif de l’Ushba","Compagnons rassemblés après l’étape, vallée de Becho, vers le massif de l’Ushba, pendant une traversée à ski en Haute-Svanétie.",Groupe de skieurs dans la guesthouse pendant la traversée à ski de la Haute-Svanétie.,"Compagnons rassemblés après l’étape. Point GPX le plus proche temporellement : 43.051927, 42.526291, avec un écart de 0 secondes.",True,777328,373115
DSC06486 (1).jpg,georgie-svanetie-marche-village-skieurs-08.jpg,2024:04:10 14:07:34,2024-04-10 14:07:34,Date EXIF utilisée telle quelle; localisation rapprochée de la trace GPX.,+04:00,43.0574432,42.5331192,2,élevée,"vallée de Becho, vers le massif de l’Ushba",marche dans le village avec les skis,"Marche dans le village avec les skis — vallée de Becho, vers le massif de l’Ushba","Skieurs portant leur matériel entre les maisons, vallée de Becho, vers le massif de l’Ushba, pendant une traversée à ski en Haute-Svanétie.",Marche dans le village avec les skis pendant la traversée à ski de la Haute-Svanétie.,"Skieurs portant leur matériel entre les maisons. Point GPX le plus proche temporellement : 43.057443, 42.533119, avec un écart de 2 secondes.",True,1063255,503451
DSC06467.jpg,georgie-svanetie-groupe-depart-raid-09.jpg,2024:04:10 12:37:19,2024-04-10 12:37:19,Date EXIF utilisée telle quelle; localisation rapprochée de la trace GPX.,+04:00,43.0934298,42.5600663,1,élevée,"vallée de Becho, vers le massif de l’Ushba",groupe au départ de l’étape,"Groupe au départ de l’étape — vallée de Becho, vers le massif de l’Ushba","Skieurs réunis dans la neige avant le départ, vallée de Becho, vers le massif de l’Ushba, pendant une traversée à ski en Haute-Svanétie.",Groupe au départ de l’étape pendant la traversée à ski de la Haute-Svanétie.,"Skieurs réunis dans la neige avant le départ. Point GPX le plus proche temporellement : 43.093430, 42.560066, avec un écart de 1 secondes.",True,506736,208417
DSC06366.jpg,georgie-svanetie-anciens-vehicules-village-10.jpg,2024:04:09 14:26:17,2024-04-09 14:26:17,Date EXIF utilisée telle quelle; localisation rapprochée de la trace GPX.,+04:00,43.0691198,42.6159628,1,élevée,vallée de Becho et Mazeri,anciens véhicules dans le village,Anciens véhicules dans le village — vallée de Becho et Mazeri,"Véhicules tout-terrain stationnés dans une rue, vallée de Becho et Mazeri, pendant une traversée à ski en Haute-Svanétie.",Anciens véhicules dans le village pendant la traversée à ski de la Haute-Svanétie.,"Véhicules tout-terrain stationnés dans une rue. Point GPX le plus proche temporellement : 43.069120, 42.615963, avec un écart de 1 secondes.",True,1346298,688287
DSC06355 (1).jpg,georgie-svanetie-vaches-route-village-11.jpg,2024:04:09 14:20:51,2024-04-09 14:20:51,Date EXIF utilisée telle quelle; localisation rapprochée de la trace GPX.,+04:00,43.0683645,42.6191464,2,élevée,vallée de Becho et Mazeri,vaches le long de la route,Vaches le long de la route — vallée de Becho et Mazeri,"Troupeau près de la chaussée dans la vallée, vallée de Becho et Mazeri, pendant une traversée à ski en Haute-Svanétie.",Vaches le long de la route pendant la traversée à ski de la Haute-Svanétie.,"Troupeau près de la chaussée dans la vallée. Point GPX le plus proche temporellement : 43.068365, 42.619146, avec un écart de 2 secondes.",True,1602789,627271
DSC06336 (1).jpg,georgie-svanetie-vaches-village-12.jpg,2024:04:09 14:20:29,2024-04-09 14:20:29,Date EXIF utilisée telle quelle; localisation rapprochée de la trace GPX.,+04:00,43.0683645,42.6191464,1,élevée,vallée de Becho et Mazeri,vaches dans le village,Vaches dans le village — vallée de Becho et Mazeri,"Bétail circulant devant les maisons, vallée de Becho et Mazeri, pendant une traversée à ski en Haute-Svanétie.",Vaches dans le village pendant la traversée à ski de la Haute-Svanétie.,"Bétail circulant devant les maisons. Point GPX le plus proche temporellement : 43.068365, 42.619146, avec un écart de 1 secondes.",True,1282090,638100
DSC06317.jpg,georgie-svanetie-passage-village-skieurs-13.jpg,2024:04:09 14:11:50,2024-04-09 14:11:50,Date EXIF utilisée telle quelle; localisation rapprochée de la trace GPX.,+04:00,43.0694132,42.6261849,2,élevée,vallée de Becho et Mazeri,traversée d’un village à ski,Traversée d’un village à ski — vallée de Becho et Mazeri,"Skieurs passant entre les maisons et les animaux, vallée de Becho et Mazeri, pendant une traversée à ski en Haute-Svanétie.",Traversée d’un village à ski pendant la traversée à ski de la Haute-Svanétie.,"Skieurs passant entre les maisons et les animaux. Point GPX le plus proche temporellement : 43.069413, 42.626185, avec un écart de 2 secondes.",True,1425134,738562
DSC06016_1.jpg,georgie-svanetie-skieur-crete-neige-14.jpg,2024:04:09 07:15:44,2024-04-09 07:15:44,Date EXIF utilisée telle quelle; localisation rapprochée de la trace GPX.,+04:00,43.0819179,42.7110395,0,élevée,secteur de Mestia,skieur sur une crête neigeuse,Skieur sur une crête neigeuse — secteur de Mestia,"Skieur progressant sur le fil d’une crête, secteur de Mestia, pendant une traversée à ski en Haute-Svanétie.",Skieur sur une crête neigeuse pendant la traversée à ski de la Haute-Svanétie.,"Skieur progressant sur le fil d’une crête. Point GPX le plus proche temporellement : 43.081918, 42.711039, avec un écart de 0 secondes.",True,545737,241398
DSC05941 (1).jpg,georgie-svanetie-groupe-ski-alpenglow-15.jpg,2024:04:09 06:25:27,2024-04-09 06:25:27,Date EXIF utilisée telle quelle; localisation rapprochée de la trace GPX.,+04:00,43.0673789,42.7207435,0,élevée,secteur de Mestia,groupe à ski sous les sommets roses,Groupe à ski sous les sommets roses — secteur de Mestia,"Skieurs avançant au soleil couchant, secteur de Mestia, pendant une traversée à ski en Haute-Svanétie.",Groupe à ski sous les sommets roses pendant la traversée à ski de la Haute-Svanétie.,"Skieurs avançant au soleil couchant. Point GPX le plus proche temporellement : 43.067379, 42.720743, avec un écart de 0 secondes.",True,932791,389417
DSC05865_1.jpg,georgie-svanetie-materiel-ski-balcon-16.jpg,2024:04:08 18:44:46,2024-04-08 18:44:46,Date EXIF utilisée telle quelle; localisation rapprochée de la trace GPX.,+04:00,43.0668323,42.723663,21544,faible,secteur de Mestia,matériel de ski sur un balcon,Matériel de ski sur un balcon — secteur de Mestia,"Skis et équipement posés face aux montagnes, secteur de Mestia, pendant une traversée à ski en Haute-Svanétie.",Matériel de ski sur un balcon pendant la traversée à ski de la Haute-Svanétie.,"Skis et équipement posés face aux montagnes. Point GPX le plus proche temporellement : 43.066832, 42.723663, avec un écart de 21544 secondes.",True,809703,389077
DSC05860 (1).jpg,georgie-svanetie-toast-groupe-guesthouse-17.jpg,2024:04:08 18:28:20,2024-04-08 18:28:20,Date EXIF utilisée telle quelle; localisation rapprochée de la trace GPX.,+04:00,43.0668323,42.723663,20558,faible,secteur de Mestia,toast dans une guesthouse,Toast dans une guesthouse — secteur de Mestia,"Compagnons levant leurs verres autour de la table, secteur de Mestia, pendant une traversée à ski en Haute-Svanétie.",Toast dans une guesthouse pendant la traversée à ski de la Haute-Svanétie.,"Compagnons levant leurs verres autour de la table. Point GPX le plus proche temporellement : 43.066832, 42.723663, avec un écart de 20558 secondes.",True,905675,405831
DSC05844 (1).jpg,georgie-svanetie-service-repas-georgien-18.jpg,2024:04:08 17:41:40,2024-04-08 17:41:40,Date EXIF utilisée telle quelle; localisation rapprochée de la trace GPX.,+04:00,43.0668323,42.723663,17758,faible,secteur de Mestia,service du repas,Service du repas — secteur de Mestia,"Hôte apportant un plat dans la salle commune, secteur de Mestia, pendant une traversée à ski en Haute-Svanétie.",Service du repas pendant la traversée à ski de la Haute-Svanétie.,"Hôte apportant un plat dans la salle commune. Point GPX le plus proche temporellement : 43.066832, 42.723663, avec un écart de 17758 secondes.",True,793591,376331
DSC05789.jpg,georgie-svanetie-chalet-neige-montagne-19.jpg,2024:04:08 12:12:08,2024-04-08 12:12:08,Date EXIF utilisée telle quelle; localisation rapprochée de la trace GPX.,+04:00,43.0667132,42.725988,1,élevée,secteur de Mestia,chalet isolé dans la neige,Chalet isolé dans la neige — secteur de Mestia,"Bâtiment de montagne au milieu d’un vaste manteau neigeux, secteur de Mestia, pendant une traversée à ski en Haute-Svanétie.",Chalet isolé dans la neige pendant la traversée à ski de la Haute-Svanétie.,"Bâtiment de montagne au milieu d’un vaste manteau neigeux. Point GPX le plus proche temporellement : 43.066713, 42.725988, avec un écart de 1 secondes.",True,628990,270919
DSC05763 (1).jpg,georgie-svanetie-village-face-montagnes-20.jpg,2024:04:08 09:32:42,2024-04-08 09:32:42,Date EXIF utilisée telle quelle; localisation rapprochée de la trace GPX.,+04:00,43.0493368,42.7369841,140,élevée,secteur de Mestia,village au pied des montagnes,Village au pied des montagnes — secteur de Mestia,"Maisons de svanétie dominées par les versants enneigés, secteur de Mestia, pendant une traversée à ski en Haute-Svanétie.",Village au pied des montagnes pendant la traversée à ski de la Haute-Svanétie.,"Maisons de svanétie dominées par les versants enneigés. Point GPX le plus proche temporellement : 43.049337, 42.736984, avec un écart de 140 secondes.",True,901120,427504
DSC05761 (1).jpg,georgie-svanetie-tours-svanes-nuit-21.jpg,2024:04:07 19:52:48,2024-04-07 19:52:48,Date EXIF utilisée telle quelle; localisation rapprochée de la trace GPX.,+04:00,43.0430916,42.7393854,1,élevée,secteur de Mestia,tours svanes dans la nuit,Tours svanes dans la nuit — secteur de Mestia,"Village et tours médiévales éclairés à la nuit tombée, secteur de Mestia, pendant une traversée à ski en Haute-Svanétie.",Tours svanes dans la nuit pendant la traversée à ski de la Haute-Svanétie.,"Village et tours médiévales éclairés à la nuit tombée. Point GPX le plus proche temporellement : 43.043092, 42.739385, avec un écart de 1 secondes.",True,870377,382686
DSC05688 (1).jpg,georgie-svanetie-rencontre-habitants-village-22.jpg,2024:04:07 17:11:50,2024-04-07 17:11:50,Date EXIF utilisée telle quelle; localisation rapprochée de la trace GPX.,+04:00,43.0509801,42.8183161,2,élevée,vallée de Mulakhi et Zhabeshi,rencontre avec des habitants,Rencontre avec des habitants — vallée de Mulakhi et Zhabeshi,"Deux habitants posant devant les montagnes, vallée de Mulakhi et Zhabeshi, pendant une traversée à ski en Haute-Svanétie.",Rencontre avec des habitants pendant la traversée à ski de la Haute-Svanétie.,"Deux habitants posant devant les montagnes. Point GPX le plus proche temporellement : 43.050980, 42.818316, avec un écart de 2 secondes.",True,938977,450307
DSC05552.jpg,georgie-svanetie-enfants-village-23.jpg,2024:04:07 14:46:26,2024-04-07 14:46:26,Date EXIF utilisée telle quelle; localisation rapprochée de la trace GPX.,+04:00,43.0463285,42.867098,2,élevée,vallée de Mulakhi et Zhabeshi,enfants dans le village,Enfants dans le village — vallée de Mulakhi et Zhabeshi,"Enfants jouant près d’un mur de pierre, vallée de Mulakhi et Zhabeshi, pendant une traversée à ski en Haute-Svanétie.",Enfants dans le village pendant la traversée à ski de la Haute-Svanétie.,"Enfants jouant près d’un mur de pierre. Point GPX le plus proche temporellement : 43.046329, 42.867098, avec un écart de 2 secondes.",True,1217225,570541
DSC05369 (1).jpg,georgie-svanetie-ski-arete-panorama-24.jpg,2024:04:07 12:42:49,2024-04-07 12:42:49,Date EXIF utilisée telle quelle; localisation rapprochée de la trace GPX.,+04:00,43.0320689,42.9351641,2,élevée,secteur d’Adishi et du Tetnuldi,progression à ski sur une arête,Progression à ski sur une arête — secteur d’Adishi et du Tetnuldi,"Skieur avançant sur une arête panoramique, secteur d’Adishi et du Tetnuldi, pendant une traversée à ski en Haute-Svanétie.",Progression à ski sur une arête pendant la traversée à ski de la Haute-Svanétie.,"Skieur avançant sur une arête panoramique. Point GPX le plus proche temporellement : 43.032069, 42.935164, avec un écart de 2 secondes.",True,851903,400945
DSC05272 (1).jpg,georgie-svanetie-massif-enneige-svanetie-25.jpg,2024:04:07 11:46:15,2024-04-07 11:46:15,Date EXIF utilisée telle quelle; localisation rapprochée de la trace GPX.,+04:00,43.032171,42.939695,1,élevée,secteur d’Adishi et du Tetnuldi,massif enneigé de Svanétie,Massif enneigé de svanétie — secteur d’Adishi et du Tetnuldi,"Grand sommet glaciaire sous un ciel bleu, secteur d’Adishi et du Tetnuldi, pendant une traversée à ski en Haute-Svanétie.",Massif enneigé de svanétie pendant la traversée à ski de la Haute-Svanétie.,"Grand sommet glaciaire sous un ciel bleu. Point GPX le plus proche temporellement : 43.032171, 42.939695, avec un écart de 1 secondes.",True,791109,377186
DSC05124 (1).jpg,georgie-svanetie-groupe-ski-crete-26.jpg,2024:04:07 10:38:53,2024-04-07 10:38:53,Date EXIF utilisée telle quelle; localisation rapprochée de la trace GPX.,+04:00,43.0288311,42.9349778,1,élevée,secteur d’Adishi et du Tetnuldi,groupe à ski sur une crête,Groupe à ski sur une crête — secteur d’Adishi et du Tetnuldi,"Skieurs suivant la trace sur une crête aérienne, secteur d’Adishi et du Tetnuldi, pendant une traversée à ski en Haute-Svanétie.",Groupe à ski sur une crête pendant la traversée à ski de la Haute-Svanétie.,"Skieurs suivant la trace sur une crête aérienne. Point GPX le plus proche temporellement : 43.028831, 42.934978, avec un écart de 1 secondes.",True,656654,304267
DSC04911 (1).jpg,georgie-svanetie-portage-skis-maison-27.jpg,2024:04:07 07:36:31,2024-04-07 07:36:31,Date EXIF utilisée telle quelle; localisation rapprochée de la trace GPX.,+04:00,42.9967913,42.9138203,920,moyenne,secteur d’Adishi et du Tetnuldi,portage des skis devant une maison,Portage des skis devant une maison — secteur d’Adishi et du Tetnuldi,"Skieur portant ses skis devant une habitation, secteur d’Adishi et du Tetnuldi, pendant une traversée à ski en Haute-Svanétie.",Portage des skis devant une maison pendant la traversée à ski de la Haute-Svanétie.,"Skieur portant ses skis devant une habitation. Point GPX le plus proche temporellement : 42.996791, 42.913820, avec un écart de 920 secondes.",True,980544,457370
DSC04815.jpg,georgie-svanetie-repas-chez-habitants-28.jpg,2024:04:06 14:43:27,2024-04-06 14:43:27,Date EXIF utilisée telle quelle; localisation rapprochée de la trace GPX.,+04:00,42.9967513,42.9136699,6984,faible,secteur d’Adishi et du Tetnuldi,repas chez l’habitant,Repas chez l’habitant — secteur d’Adishi et du Tetnuldi,"Compagnons attablés dans une pièce chaleureuse, secteur d’Adishi et du Tetnuldi, pendant une traversée à ski en Haute-Svanétie.",Repas chez l’habitant pendant la traversée à ski de la Haute-Svanétie.,"Compagnons attablés dans une pièce chaleureuse. Point GPX le plus proche temporellement : 42.996751, 42.913670, avec un écart de 6984 secondes.",True,688799,302543
DSC04763.jpg,georgie-svanetie-portage-skis-village-29.jpg,2024:04:06 12:16:54,2024-04-06 12:16:54,Date EXIF utilisée telle quelle; localisation rapprochée de la trace GPX.,+04:00,42.9978618,42.9146262,2,élevée,secteur d’Adishi et du Tetnuldi,portage des skis dans le village,Portage des skis dans le village — secteur d’Adishi et du Tetnuldi,"Skieurs portant leur matériel entre les maisons, secteur d’Adishi et du Tetnuldi, pendant une traversée à ski en Haute-Svanétie.",Portage des skis dans le village pendant la traversée à ski de la Haute-Svanétie.,"Skieurs portant leur matériel entre les maisons. Point GPX le plus proche temporellement : 42.997862, 42.914626, avec un écart de 2 secondes.",True,1057108,514892
DSC04687 (1).jpg,georgie-svanetie-vaches-maison-pierre-30.jpg,2024:04:06 11:46:52,2024-04-06 11:46:52,Date EXIF utilisée telle quelle; localisation rapprochée de la trace GPX.,+04:00,42.996291,42.9199772,1,élevée,secteur d’Adishi et du Tetnuldi,vaches devant une maison de pierre,Vaches devant une maison de pierre — secteur d’Adishi et du Tetnuldi,"Bétail conduit dans une ruelle du village, secteur d’Adishi et du Tetnuldi, pendant une traversée à ski en Haute-Svanétie.",Vaches devant une maison de pierre pendant la traversée à ski de la Haute-Svanétie.,"Bétail conduit dans une ruelle du village. Point GPX le plus proche temporellement : 42.996291, 42.919977, avec un écart de 1 secondes.",True,1307546,624069
DSC04549.jpg,georgie-svanetie-traversee-ski-foret-31.jpg,2024:04:06 10:58:39,2024-04-06 10:58:39,Date EXIF utilisée telle quelle; localisation rapprochée de la trace GPX.,+04:00,42.9846823,42.9578165,2,élevée,secteur d’Adishi et du Tetnuldi,traversée à ski au pied de la forêt,Traversée à ski au pied de la forêt — secteur d’Adishi et du Tetnuldi,"Groupe avançant dans un vallon enneigé, secteur d’Adishi et du Tetnuldi, pendant une traversée à ski en Haute-Svanétie.",Traversée à ski au pied de la forêt pendant la traversée à ski de la Haute-Svanétie.,"Groupe avançant dans un vallon enneigé. Point GPX le plus proche temporellement : 42.984682, 42.957816, avec un écart de 2 secondes.",True,954083,482543
DSC04358.jpg,georgie-svanetie-descente-ski-vallon-32.jpg,2024:04:06 09:59:24,2024-04-06 09:59:24,Date EXIF utilisée telle quelle; localisation rapprochée de la trace GPX.,+04:00,42.9782988,42.9848267,2,élevée,secteur d’Adishi et du Tetnuldi,descente à ski dans un vallon,Descente à ski dans un vallon — secteur d’Adishi et du Tetnuldi,"Skieur descendant une grande pente poudreuse, secteur d’Adishi et du Tetnuldi, pendant une traversée à ski en Haute-Svanétie.",Descente à ski dans un vallon pendant la traversée à ski de la Haute-Svanétie.,"Skieur descendant une grande pente poudreuse. Point GPX le plus proche temporellement : 42.978299, 42.984827, avec un écart de 2 secondes.",True,678754,315979
DSC04335.jpg,georgie-svanetie-virage-ski-poudreuse-33.jpg,2024:04:06 09:55:12,2024-04-06 09:55:12,Date EXIF utilisée telle quelle; localisation rapprochée de la trace GPX.,+04:00,42.9783318,42.9846144,0,élevée,secteur d’Adishi et du Tetnuldi,virage en neige poudreuse,Virage en neige poudreuse — secteur d’Adishi et du Tetnuldi,"Skieur déclenchant un virage dans la neige légère, secteur d’Adishi et du Tetnuldi, pendant une traversée à ski en Haute-Svanétie.",Virage en neige poudreuse pendant la traversée à ski de la Haute-Svanétie.,"Skieur déclenchant un virage dans la neige légère. Point GPX le plus proche temporellement : 42.978332, 42.984614, avec un écart de 0 secondes.",True,668762,307330
DSC04273.jpg,georgie-svanetie-groupe-ski-crete-caucase-34.jpg,2024:04:06 09:40:36,2024-04-06 09:40:36,Date EXIF utilisée telle quelle; localisation rapprochée de la trace GPX.,+04:00,42.9770726,42.9820377,2,élevée,secteur d’Adishi et du Tetnuldi,groupe sur une crête du Caucase,Groupe sur une crête du caucase — secteur d’Adishi et du Tetnuldi,"Skieurs progressant devant les grands sommets, secteur d’Adishi et du Tetnuldi, pendant une traversée à ski en Haute-Svanétie.",Groupe sur une crête du caucase pendant la traversée à ski de la Haute-Svanétie.,"Skieurs progressant devant les grands sommets. Point GPX le plus proche temporellement : 42.977073, 42.982038, avec un écart de 2 secondes.",True,817152,385968
DSC04210 (1).jpg,georgie-svanetie-panorama-sommets-caucase-35.jpg,2024:04:06 09:36:45,2024-04-06 09:36:45,Date EXIF utilisée telle quelle; localisation rapprochée de la trace GPX.,+04:00,42.9770726,42.9820377,2,élevée,secteur d’Adishi et du Tetnuldi,panorama sur les sommets du Caucase,Panorama sur les sommets du caucase — secteur d’Adishi et du Tetnuldi,"Reliefs glaciaires dominant une arête neigeuse, secteur d’Adishi et du Tetnuldi, pendant une traversée à ski en Haute-Svanétie.",Panorama sur les sommets du caucase pendant la traversée à ski de la Haute-Svanétie.,"Reliefs glaciaires dominant une arête neigeuse. Point GPX le plus proche temporellement : 42.977073, 42.982038, avec un écart de 2 secondes.",True,928224,457774
DSC04072 (1).jpg,georgie-svanetie-ski-randonnee-avec-chien-36.jpg,2024:04:06 08:49:55,2024-04-06 08:49:55,Date EXIF utilisée telle quelle; localisation rapprochée de la trace GPX.,+04:00,42.9723631,42.9798642,2,élevée,secteur d’Adishi et du Tetnuldi,montée à ski accompagnée d’un chien,Montée à ski accompagnée d’un chien — secteur d’Adishi et du Tetnuldi,"Skieur et chien progressant sur la trace, secteur d’Adishi et du Tetnuldi, pendant une traversée à ski en Haute-Svanétie.",Montée à ski accompagnée d’un chien pendant la traversée à ski de la Haute-Svanétie.,"Skieur et chien progressant sur la trace. Point GPX le plus proche temporellement : 42.972363, 42.979864, avec un écart de 2 secondes.",True,763679,355155
DSC03755 (1).jpg,georgie-svanetie-cabane-bois-sous-neige-37.jpg,2024:04:05 18:02:10,2024-04-05 18:02:10,Date EXIF utilisée telle quelle; localisation rapprochée de la trace GPX.,+04:00,42.9678438,42.9890101,23255,faible,secteur d’Adishi et du Tetnuldi,cabane en bois sous la neige,Cabane en bois sous la neige — secteur d’Adishi et du Tetnuldi,"Petite cabane et chien pendant une chute de neige, secteur d’Adishi et du Tetnuldi, pendant une traversée à ski en Haute-Svanétie.",Cabane en bois sous la neige pendant la traversée à ski de la Haute-Svanétie.,"Petite cabane et chien pendant une chute de neige. Point GPX le plus proche temporellement : 42.967844, 42.989010, avec un écart de 23255 secondes.",True,803283,341842
DSC03584 (1).jpg,georgie-svanetie-pause-groupe-cabane-38.jpg,2024:04:05 15:08:57,2024-04-05 15:08:57,Date EXIF utilisée telle quelle; localisation rapprochée de la trace GPX.,+04:00,42.9678438,42.9890101,12862,faible,secteur d’Adishi et du Tetnuldi,pause du groupe dans une cabane,Pause du groupe dans une cabane — secteur d’Adishi et du Tetnuldi,"Skieurs réunis à l’intérieur de l’abri, secteur d’Adishi et du Tetnuldi, pendant une traversée à ski en Haute-Svanétie.",Pause du groupe dans une cabane pendant la traversée à ski de la Haute-Svanétie.,"Skieurs réunis à l’intérieur de l’abri. Point GPX le plus proche temporellement : 42.967844, 42.989010, avec un écart de 12862 secondes.",True,977232,466983
DSC03553.jpg,georgie-svanetie-repos-sacs-couchage-39.jpg,2024:04:05 12:32:39,2024-04-05 12:32:39,Date EXIF utilisée telle quelle; localisation rapprochée de la trace GPX.,+04:00,42.9678438,42.9890101,3484,faible,secteur d’Adishi et du Tetnuldi,repos en sacs de couchage,Repos en sacs de couchage — secteur d’Adishi et du Tetnuldi,"Deux skieurs allongés après l’étape, secteur d’Adishi et du Tetnuldi, pendant une traversée à ski en Haute-Svanétie.",Repos en sacs de couchage pendant la traversée à ski de la Haute-Svanétie.,"Deux skieurs allongés après l’étape. Point GPX le plus proche temporellement : 42.967844, 42.989010, avec un écart de 3484 secondes.",True,872518,406048
DSC03546.jpg,georgie-svanetie-groupe-devant-cabane-40.jpg,2024:04:05 11:48:20,2024-04-05 11:48:20,Date EXIF utilisée telle quelle; localisation rapprochée de la trace GPX.,+04:00,42.9678438,42.9890101,825,moyenne,secteur d’Adishi et du Tetnuldi,groupe devant une cabane,Groupe devant une cabane — secteur d’Adishi et du Tetnuldi,"Skieurs rassemblés devant un petit abri enneigé, secteur d’Adishi et du Tetnuldi, pendant une traversée à ski en Haute-Svanétie.",Groupe devant une cabane pendant la traversée à ski de la Haute-Svanétie.,"Skieurs rassemblés devant un petit abri enneigé. Point GPX le plus proche temporellement : 42.967844, 42.989010, avec un écart de 825 secondes.",True,783909,355183
DSC03288 (1).jpg,georgie-svanetie-skieur-traversee-vallon-41.jpg,2024:04:05 10:38:19,2024-04-05 10:38:19,Date EXIF utilisée telle quelle; localisation rapprochée de la trace GPX.,+04:00,42.98455,43.0476741,0,élevée,secteur d’Ushguli et du Shkhara,traversée d’un vallon à ski,Traversée d’un vallon à ski — secteur d’Ushguli et du Shkhara,"Skieur progressant skis aux pieds dans le vallon, secteur d’Ushguli et du Shkhara, pendant une traversée à ski en Haute-Svanétie.",Traversée d’un vallon à ski pendant la traversée à ski de la Haute-Svanétie.,"Skieur progressant skis aux pieds dans le vallon. Point GPX le plus proche temporellement : 42.984550, 43.047674, avec un écart de 0 secondes.",True,467322,192239
DSC03277.jpg,georgie-svanetie-descente-ski-grand-vallon-42.jpg,2024:04:05 10:38:05,2024-04-05 10:38:05,Date EXIF utilisée telle quelle; localisation rapprochée de la trace GPX.,+04:00,42.98455,43.0476741,1,élevée,secteur d’Ushguli et du Shkhara,descente dans un grand vallon,Descente dans un grand vallon — secteur d’Ushguli et du Shkhara,"Skieur descendant entre de hauts versants enneigés, secteur d’Ushguli et du Shkhara, pendant une traversée à ski en Haute-Svanétie.",Descente dans un grand vallon pendant la traversée à ski de la Haute-Svanétie.,"Skieur descendant entre de hauts versants enneigés. Point GPX le plus proche temporellement : 42.984550, 43.047674, avec un écart de 1 secondes.",True,652808,307769
DSC03051.jpg,georgie-svanetie-refuge-nuit-montagne-43.jpg,2024:04:04 21:06:13,2024-04-04 21:06:13,Date EXIF utilisée telle quelle; localisation rapprochée de la trace GPX.,+04:00,42.9495954,43.0766783,23110,faible,secteur d’Ushguli et du Shkhara,refuge éclairé dans la nuit,Refuge éclairé dans la nuit — secteur d’Ushguli et du Shkhara,"Refuge de montagne sous un ciel étoilé, secteur d’Ushguli et du Shkhara, pendant une traversée à ski en Haute-Svanétie.",Refuge éclairé dans la nuit pendant la traversée à ski de la Haute-Svanétie.,"Refuge de montagne sous un ciel étoilé. Point GPX le plus proche temporellement : 42.949595, 43.076678, avec un écart de 23110 secondes.",True,631117,290769
DSC03042 (1).jpg,georgie-svanetie-alpenglow-sommets-44.jpg,2024:04:04 19:29:59,2024-04-04 19:29:59,Date EXIF utilisée telle quelle; localisation rapprochée de la trace GPX.,+04:00,42.9495954,43.0766783,17336,faible,secteur d’Ushguli et du Shkhara,alpenglow sur les sommets,Alpenglow sur les sommets — secteur d’Ushguli et du Shkhara,"Sommets du caucase éclairés par les dernières lueurs, secteur d’Ushguli et du Shkhara, pendant une traversée à ski en Haute-Svanétie.",Alpenglow sur les sommets pendant la traversée à ski de la Haute-Svanétie.,"Sommets du caucase éclairés par les dernières lueurs. Point GPX le plus proche temporellement : 42.949595, 43.076678, avec un écart de 17336 secondes.",True,1202472,512106
DSC02961 (1).jpg,georgie-svanetie-interieur-cabane-repos-45.jpg,2024:04:04 15:10:22,2024-04-04 15:10:22,Date EXIF utilisée telle quelle; localisation rapprochée de la trace GPX.,+04:00,42.9495954,43.0766783,1759,moyenne,secteur d’Ushguli et du Shkhara,repos à l’intérieur de la cabane,Repos à l’intérieur de la cabane — secteur d’Ushguli et du Shkhara,"Skieur installé sur son couchage, secteur d’Ushguli et du Shkhara, pendant une traversée à ski en Haute-Svanétie.",Repos à l’intérieur de la cabane pendant la traversée à ski de la Haute-Svanétie.,"Skieur installé sur son couchage. Point GPX le plus proche temporellement : 42.949595, 43.076678, avec un écart de 1759 secondes.",True,784232,346114
DSC02945.jpg,georgie-svanetie-depart-refuge-ski-46.jpg,2024:04:04 14:24:39,2024-04-04 14:24:39,Date EXIF utilisée telle quelle; localisation rapprochée de la trace GPX.,+04:00,42.9434854,43.0900343,1,élevée,secteur d’Ushguli et du Shkhara,départ à ski depuis le refuge,Départ à ski depuis le refuge — secteur d’Ushguli et du Shkhara,"Groupe préparant les skis devant le bâtiment, secteur d’Ushguli et du Shkhara, pendant une traversée à ski en Haute-Svanétie.",Départ à ski depuis le refuge pendant la traversée à ski de la Haute-Svanétie.,"Groupe préparant les skis devant le bâtiment. Point GPX le plus proche temporellement : 42.943485, 43.090034, avec un écart de 1 secondes.",True,811721,382554
DSC02455.jpg,georgie-svanetie-montee-ski-shkhara-47.jpg,2024:04:04 09:44:01,2024-04-04 09:44:01,Date EXIF utilisée telle quelle; localisation rapprochée de la trace GPX.,+04:00,42.9162036,43.0313292,1,élevée,"Ushguli, au pied du Shkhara",montée à ski face au Shkhara,"Montée à ski face au shkhara — Ushguli, au pied du Shkhara","Cordée montant au-dessus des nuages, Ushguli, au pied du Shkhara, pendant une traversée à ski en Haute-Svanétie.",Montée à ski face au shkhara pendant la traversée à ski de la Haute-Svanétie.,"Cordée montant au-dessus des nuages. Point GPX le plus proche temporellement : 42.916204, 43.031329, avec un écart de 1 secondes.",True,423040,171391
DSC02378 (1).jpg,georgie-svanetie-groupe-montee-vallee-48.jpg,2024:04:04 09:26:27,2024-04-04 09:26:27,Date EXIF utilisée telle quelle; localisation rapprochée de la trace GPX.,+04:00,42.9156632,43.0273219,0,élevée,"Ushguli, au pied du Shkhara",montée en groupe dans la vallée,"Montée en groupe dans la vallée — Ushguli, au pied du Shkhara","Groupe progressant skis aux pieds, Ushguli, au pied du Shkhara, pendant une traversée à ski en Haute-Svanétie.",Montée en groupe dans la vallée pendant la traversée à ski de la Haute-Svanétie.,"Groupe progressant skis aux pieds. Point GPX le plus proche temporellement : 42.915663, 43.027322, avec un écart de 0 secondes.",True,931954,442778
DSC02181.jpg,georgie-svanetie-vie-village-hiver-49.jpg,2024:04:04 08:31:52,2024-04-04 08:31:52,Date EXIF utilisée telle quelle; localisation rapprochée de la trace GPX.,+04:00,42.9156857,43.0133477,2,élevée,"Ushguli, au pied du Shkhara",vie quotidienne au village,"Vie quotidienne au village — Ushguli, au pied du Shkhara","Habitant portant des seaux dans une rue enneigée, Ushguli, au pied du Shkhara, pendant une traversée à ski en Haute-Svanétie.",Vie quotidienne au village pendant la traversée à ski de la Haute-Svanétie.,"Habitant portant des seaux dans une rue enneigée. Point GPX le plus proche temporellement : 42.915686, 43.013348, avec un écart de 2 secondes.",True,786214,354906
DSC06739.jpg,georgie-svanetie-descente-ski-pente-raide-50.jpg,2024:03:13 13:34:07,2024-04-11 13:34:07,Calendrier de l’appareil décalé d’un mois; correction contextuelle confirmée par la séquence Sony et le raid. EXIF conservé intact.,+01:00,43.0518711,42.5265439,83230,faible,"vallée de Becho, vers le massif de l’Ushba",descente à ski dans une pente raide,"Descente à ski dans une pente raide — vallée de Becho, vers le massif de l’Ushba","Skieur engagé dans une pente raide avec les sommets du caucase à l’horizon, vallée de Becho, vers le massif de l’Ushba, pendant le voyage à ski en Géorgie.",Descente à ski dans une pente raide pendant le voyage et le raid à ski en Haute-Svanétie.,"Skieur engagé dans une pente raide avec les sommets du caucase à l’horizon. Localisation établie par la chronologie du voyage et le point GPX le plus proche (43.051871, 42.526544, écart 83230 s).",True,605532,261774
DSC06692 (1).jpg,georgie-svanetie-virage-ski-poudreuse-caucase-51.jpg,2024:03:13 13:25:48,2024-04-11 13:25:48,Calendrier de l’appareil décalé d’un mois; correction contextuelle confirmée par la séquence Sony et le raid. EXIF conservé intact.,+01:00,43.0518711,42.5265439,82731,faible,"vallée de Becho, vers le massif de l’Ushba",virage à ski en poudreuse,"Virage à ski en poudreuse — vallée de Becho, vers le massif de l’Ushba","Skieur traçant un virage dans une large pente enneigée, vallée de Becho, vers le massif de l’Ushba, pendant le voyage à ski en Géorgie.",Virage à ski en poudreuse pendant le voyage et le raid à ski en Haute-Svanétie.,"Skieur traçant un virage dans une large pente enneigée. Localisation établie par la chronologie du voyage et le point GPX le plus proche (43.051871, 42.526544, écart 82731 s).",True,707005,325229
DSC06662.jpg,georgie-svanetie-panorama-vallee-caucase-52.jpg,2024:03:13 13:24:10,2024-04-11 13:24:10,Calendrier de l’appareil décalé d’un mois; correction contextuelle confirmée par la séquence Sony et le raid. EXIF conservé intact.,+01:00,43.0518711,42.5265439,82633,faible,"vallée de Becho, vers le massif de l’Ushba",panorama sur la vallée du Caucase,"Panorama sur la vallée du caucase — vallée de Becho, vers le massif de l’Ushba","Vaste panorama hivernal depuis une crête de haute-svanétie, vallée de Becho, vers le massif de l’Ushba, pendant le voyage à ski en Géorgie.",Panorama sur la vallée du caucase pendant le voyage et le raid à ski en Haute-Svanétie.,"Vaste panorama hivernal depuis une crête de haute-svanétie. Localisation établie par la chronologie du voyage et le point GPX le plus proche (43.051871, 42.526544, écart 82633 s).",True,851226,421704
DSC06572.jpg,georgie-svanetie-groupe-montee-col-neige-53.jpg,2024:03:13 11:15:14,2024-04-11 11:15:14,Calendrier de l’appareil décalé d’un mois; correction contextuelle confirmée par la séquence Sony et le raid. EXIF conservé intact.,+01:00,43.0518711,42.5265439,74897,faible,"vallée de Becho, vers le massif de l’Ushba",montée du groupe vers un col,"Montée du groupe vers un col — vallée de Becho, vers le massif de l’Ushba","Trois skieurs progressant dans un vaste cirque enneigé, vallée de Becho, vers le massif de l’Ushba, pendant le voyage à ski en Géorgie.",Montée du groupe vers un col pendant le voyage et le raid à ski en Haute-Svanétie.,"Trois skieurs progressant dans un vaste cirque enneigé. Localisation établie par la chronologie du voyage et le point GPX le plus proche (43.051871, 42.526544, écart 74897 s).",True,662395,306578
DSC06534.jpg,georgie-svanetie-traversee-vallon-ski-54.jpg,2024:03:13 10:26:35,2024-04-11 10:26:35,Calendrier de l’appareil décalé d’un mois; correction contextuelle confirmée par la séquence Sony et le raid. EXIF conservé intact.,+01:00,43.0518711,42.5265439,71978,faible,"vallée de Becho, vers le massif de l’Ushba",traversée d’un vallon à ski,"Traversée d’un vallon à ski — vallée de Becho, vers le massif de l’Ushba","Skieurs minuscules au pied de grands versants enneigés, vallée de Becho, vers le massif de l’Ushba, pendant le voyage à ski en Géorgie.",Traversée d’un vallon à ski pendant le voyage et le raid à ski en Haute-Svanétie.,"Skieurs minuscules au pied de grands versants enneigés. Localisation établie par la chronologie du voyage et le point GPX le plus proche (43.051871, 42.526544, écart 71978 s).",True,770719,367812
DSC06508 (1).jpg,georgie-svanetie-skieurs-montee-reliefs-neige-55.jpg,2024:03:13 10:15:05,2024-04-11 10:15:05,Calendrier de l’appareil décalé d’un mois; correction contextuelle confirmée par la séquence Sony et le raid. EXIF conservé intact.,+01:00,43.0518711,42.5265439,71288,faible,"vallée de Becho, vers le massif de l’Ushba",montée à ski entre les reliefs,"Montée à ski entre les reliefs — vallée de Becho, vers le massif de l’Ushba","Deux skieurs avançant au milieu de reliefs sculptés par la neige, vallée de Becho, vers le massif de l’Ushba, pendant le voyage à ski en Géorgie.",Montée à ski entre les reliefs pendant le voyage et le raid à ski en Haute-Svanétie.,"Deux skieurs avançant au milieu de reliefs sculptés par la neige. Localisation établie par la chronologie du voyage et le point GPX le plus proche (43.051871, 42.526544, écart 71288 s).",True,840962,397229
DSC06440 (1).jpg,georgie-svanetie-pause-chaude-refuge-56.jpg,2024:03:13 08:28:29,2024-04-11 08:28:29,Calendrier de l’appareil décalé d’un mois; correction contextuelle confirmée par la séquence Sony et le raid. EXIF conservé intact.,+01:00,43.0518711,42.5265439,64892,faible,"vallée de Becho, vers le massif de l’Ushba",pause chaude au refuge,"Pause chaude au refuge — vallée de Becho, vers le massif de l’Ushba","Skieurs préparant une boisson chaude pendant l’étape, vallée de Becho, vers le massif de l’Ushba, pendant le voyage à ski en Géorgie.",Pause chaude au refuge pendant le voyage et le raid à ski en Haute-Svanétie.,"Skieurs préparant une boisson chaude pendant l’étape. Localisation établie par la chronologie du voyage et le point GPX le plus proche (43.051871, 42.526544, écart 64892 s).",True,763626,324087
DSC06402.jpg,georgie-svanetie-repos-refuge-groupe-57.jpg,2024:03:13 07:53:56,2024-04-11 07:53:56,Calendrier de l’appareil décalé d’un mois; correction contextuelle confirmée par la séquence Sony et le raid. EXIF conservé intact.,+01:00,43.0518711,42.5265439,62819,faible,"vallée de Becho, vers le massif de l’Ushba",repos du groupe au refuge,"Repos du groupe au refuge — vallée de Becho, vers le massif de l’Ushba","Groupe de skieurs installé dans un refuge de montagne, vallée de Becho, vers le massif de l’Ushba, pendant le voyage à ski en Géorgie.",Repos du groupe au refuge pendant le voyage et le raid à ski en Haute-Svanétie.,"Groupe de skieurs installé dans un refuge de montagne. Localisation établie par la chronologie du voyage et le point GPX le plus proche (43.051871, 42.526544, écart 62819 s).",True,683312,309375
DSC06390.jpg,georgie-svanetie-repas-refuge-skieurs-58.jpg,2024:03:12 22:43:48,2024-04-10 22:43:48,Calendrier de l’appareil décalé d’un mois; correction contextuelle confirmée par la séquence Sony et le raid. EXIF conservé intact.,+01:00,43.0518711,42.5265439,29811,faible,"vallée de Becho, vers le massif de l’Ushba",repas au refuge,"Repas au refuge — vallée de Becho, vers le massif de l’Ushba","Skieurs réunis autour d’une table pendant une étape du raid, vallée de Becho, vers le massif de l’Ushba, pendant le voyage à ski en Géorgie.",Repas au refuge pendant le voyage et le raid à ski en Haute-Svanétie.,"Skieurs réunis autour d’une table pendant une étape du raid. Localisation établie par la chronologie du voyage et le point GPX le plus proche (43.051871, 42.526544, écart 29811 s).",True,724937,363082
DSC06267.jpg,georgie-svanetie-cordee-montee-crete-59.jpg,2024:03:12 15:39:54,2024-04-10 15:39:54,Calendrier de l’appareil décalé d’un mois; correction contextuelle confirmée par la séquence Sony et le raid. EXIF conservé intact.,+01:00,43.0518711,42.5265439,4377,faible,"vallée de Becho, vers le massif de l’Ushba",montée en cordée sur une crête,"Montée en cordée sur une crête — vallée de Becho, vers le massif de l’Ushba","File de skieurs gravissant une crête blanche, vallée de Becho, vers le massif de l’Ushba, pendant le voyage à ski en Géorgie.",Montée en cordée sur une crête pendant le voyage et le raid à ski en Haute-Svanétie.,"File de skieurs gravissant une crête blanche. Localisation établie par la chronologie du voyage et le point GPX le plus proche (43.051871, 42.526544, écart 4377 s).",True,696752,319944
DSC06260.jpg,georgie-svanetie-skieurs-arete-panorama-60.jpg,2024:03:12 15:29:59,2024-04-10 15:29:59,Calendrier de l’appareil décalé d’un mois; correction contextuelle confirmée par la séquence Sony et le raid. EXIF conservé intact.,+01:00,43.0518711,42.5265439,3782,faible,"vallée de Becho, vers le massif de l’Ushba",progression sur une arête panoramique,"Progression sur une arête panoramique — vallée de Becho, vers le massif de l’Ushba","Deux skieurs portant leur matériel sur une arête du caucase, vallée de Becho, vers le massif de l’Ushba, pendant le voyage à ski en Géorgie.",Progression sur une arête panoramique pendant le voyage et le raid à ski en Haute-Svanétie.,"Deux skieurs portant leur matériel sur une arête du caucase. Localisation établie par la chronologie du voyage et le point GPX le plus proche (43.051871, 42.526544, écart 3782 s).",True,650406,297796
DSC06242.jpg,georgie-svanetie-skieurs-flanc-montagne-61.jpg,2024:03:12 15:21:49,2024-04-10 15:21:49,Calendrier de l’appareil décalé d’un mois; correction contextuelle confirmée par la séquence Sony et le raid. EXIF conservé intact.,+01:00,43.0518711,42.5265439,3292,faible,"vallée de Becho, vers le massif de l’Ushba",traversée d’un flanc de montagne,"Traversée d’un flanc de montagne — vallée de Becho, vers le massif de l’Ushba","Skieurs avançant sur une pente avec les sommets de svanétie en arrière-plan, vallée de Becho, vers le massif de l’Ushba, pendant le voyage à ski en Géorgie.",Traversée d’un flanc de montagne pendant le voyage et le raid à ski en Haute-Svanétie.,"Skieurs avançant sur une pente avec les sommets de svanétie en arrière-plan. Localisation établie par la chronologie du voyage et le point GPX le plus proche (43.051871, 42.526544, écart 3292 s).",True,598902,261819
DSC06176.jpg,georgie-svanetie-trace-ski-vallon-62.jpg,2024:03:12 14:42:05,2024-04-10 14:42:05,Calendrier de l’appareil décalé d’un mois; correction contextuelle confirmée par la séquence Sony et le raid. EXIF conservé intact.,+01:00,43.0518711,42.5265439,908,moyenne,"vallée de Becho, vers le massif de l’Ushba",trace de ski dans un grand vallon,"Trace de ski dans un grand vallon — vallée de Becho, vers le massif de l’Ushba","Deux skieurs suivant une trace sinueuse dans la neige vierge, vallée de Becho, vers le massif de l’Ushba, pendant le voyage à ski en Géorgie.",Trace de ski dans un grand vallon pendant le voyage et le raid à ski en Haute-Svanétie.,"Deux skieurs suivant une trace sinueuse dans la neige vierge. Localisation établie par la chronologie du voyage et le point GPX le plus proche (43.051871, 42.526544, écart 908 s).",True,566837,255490
DSC06159 (1).jpg,georgie-svanetie-skieurs-reliefs-poudreuse-63.jpg,2024:03:12 14:36:56,2024-04-10 14:36:56,Calendrier de l’appareil décalé d’un mois; correction contextuelle confirmée par la séquence Sony et le raid. EXIF conservé intact.,+01:00,43.0518711,42.5265439,599,moyenne,"vallée de Becho, vers le massif de l’Ushba",progression entre les reliefs poudreux,"Progression entre les reliefs poudreux — vallée de Becho, vers le massif de l’Ushba","Deux skieurs traversant des ondulations de neige immaculée, vallée de Becho, vers le massif de l’Ushba, pendant le voyage à ski en Géorgie.",Progression entre les reliefs poudreux pendant le voyage et le raid à ski en Haute-Svanétie.,"Deux skieurs traversant des ondulations de neige immaculée. Localisation établie par la chronologie du voyage et le point GPX le plus proche (43.051871, 42.526544, écart 599 s).",True,570721,257092
DSC06149 (1).jpg,georgie-svanetie-montee-ski-panorama-vallee-64.jpg,2024:03:12 14:10:10,2024-04-10 14:10:10,Calendrier de l’appareil décalé d’un mois; correction contextuelle confirmée par la séquence Sony et le raid. EXIF conservé intact.,+01:00,43.0563284,42.532516,2,élevée,"vallée de Becho, vers le massif de l’Ushba",montée à ski au-dessus de la vallée,"Montée à ski au-dessus de la vallée — vallée de Becho, vers le massif de l’Ushba","Deux skieurs progressant au-dessus d’une vallée du caucase, vallée de Becho, vers le massif de l’Ushba, pendant le voyage à ski en Géorgie.",Montée à ski au-dessus de la vallée pendant le voyage et le raid à ski en Haute-Svanétie.,"Deux skieurs progressant au-dessus d’une vallée du caucase. Localisation établie par la chronologie du voyage et le point GPX le plus proche (43.056328, 42.532516, écart 2 s).",True,630994,284985
DSC02096 (1).jpg,georgie-svanetie-toast-arrivee-svanetie-65.jpg,2024:04:03 20:41:54,2024-04-03 20:41:54,"Date EXIF cohérente avec le voyage, hors période de trace GPX.",+04:00,,,,contextuelle,route de Tbilissi à Mestia et arrivée en Svanétie,toast lors de l’arrivée en Svanétie,Toast lors de l’arrivée en svanétie — route de Tbilissi à Mestia et arrivée en Svanétie,"Compagnons levant leur verre autour d’une table en bois, route de Tbilissi à Mestia et arrivée en Svanétie, pendant le voyage à ski en Géorgie.",Toast lors de l’arrivée en svanétie pendant le voyage et le raid à ski en Haute-Svanétie.,Compagnons levant leur verre autour d’une table en bois. Localisation établie par la chronologie du voyage.,True,813928,380655
DSC02001.jpg,georgie-svanetie-tours-svanes-village-66.jpg,2024:04:03 18:32:10,2024-04-03 18:32:10,"Date EXIF cohérente avec le voyage, hors période de trace GPX.",+04:00,,,,contextuelle,route de Tbilissi à Mestia et arrivée en Svanétie,tours svanes dans un village,Tours svanes dans un village — route de Tbilissi à Mestia et arrivée en Svanétie,"Tours médiévales de svanétie au-dessus des toits enneigés, route de Tbilissi à Mestia et arrivée en Svanétie, pendant le voyage à ski en Géorgie.",Tours svanes dans un village pendant le voyage et le raid à ski en Haute-Svanétie.,Tours médiévales de svanétie au-dessus des toits enneigés. Localisation établie par la chronologie du voyage.,True,1080828,514372
DSC01964 (1).jpg,georgie-svanetie-tour-svane-neige-67.jpg,2024:04:03 18:26:30,2024-04-03 18:26:30,"Date EXIF cohérente avec le voyage, hors période de trace GPX.",+04:00,,,,contextuelle,route de Tbilissi à Mestia et arrivée en Svanétie,tour svane sous la neige,Tour svane sous la neige — route de Tbilissi à Mestia et arrivée en Svanétie,"Tour défensive en pierre dans un paysage hivernal, route de Tbilissi à Mestia et arrivée en Svanétie, pendant le voyage à ski en Géorgie.",Tour svane sous la neige pendant le voyage et le raid à ski en Haute-Svanétie.,Tour défensive en pierre dans un paysage hivernal. Localisation établie par la chronologie du voyage.,True,1081759,529869
DSC01951 (1).jpg,georgie-svanetie-village-svane-montagnes-68.jpg,2024:04:03 18:22:03,2024-04-03 18:22:03,"Date EXIF cohérente avec le voyage, hors période de trace GPX.",+04:00,,,,contextuelle,route de Tbilissi à Mestia et arrivée en Svanétie,village svane face aux montagnes,Village svane face aux montagnes — route de Tbilissi à Mestia et arrivée en Svanétie,"Village de svanétie et tours de pierre devant les sommets enneigés, route de Tbilissi à Mestia et arrivée en Svanétie, pendant le voyage à ski en Géorgie.",Village svane face aux montagnes pendant le voyage et le raid à ski en Haute-Svanétie.,Village de svanétie et tours de pierre devant les sommets enneigés. Localisation établie par la chronologie du voyage.,True,975640,475280
DSC01868.jpg,georgie-svanetie-route-village-svanetie-69.jpg,2024:04:03 17:19:44,2024-04-03 17:19:44,"Date EXIF cohérente avec le voyage, hors période de trace GPX.",+04:00,,,,contextuelle,route de Tbilissi à Mestia et arrivée en Svanétie,route à travers un village de Svanétie,Route à travers un village de svanétie — route de Tbilissi à Mestia et arrivée en Svanétie,"Route de montagne traversée par des animaux entre les maisons, route de Tbilissi à Mestia et arrivée en Svanétie, pendant le voyage à ski en Géorgie.",Route à travers un village de svanétie pendant le voyage et le raid à ski en Haute-Svanétie.,Route de montagne traversée par des animaux entre les maisons. Localisation établie par la chronologie du voyage.,True,822028,386168
DSC01813.jpg,georgie-svanetie-halte-route-georgie-70.jpg,2024:04:03 12:44:49,2024-04-03 12:44:49,"Date EXIF cohérente avec le voyage, hors période de trace GPX.",+04:00,,,,contextuelle,route de Tbilissi à Mestia et arrivée en Svanétie,halte sur la route de Svanétie,Halte sur la route de svanétie — route de Tbilissi à Mestia et arrivée en Svanétie,"Scène de vie pendant une halte entre tbilissi et mestia, route de Tbilissi à Mestia et arrivée en Svanétie, pendant le voyage à ski en Géorgie.",Halte sur la route de svanétie pendant le voyage et le raid à ski en Haute-Svanétie.,Scène de vie pendant une halte entre tbilissi et mestia. Localisation établie par la chronologie du voyage.,True,638704,299386
DSC01761.jpg,georgie-svanetie-route-tbilissi-mestia-71.jpg,2024:04:03 06:35:48,2024-04-03 06:35:48,"Date EXIF cohérente avec le voyage, hors période de trace GPX.",+04:00,,,,contextuelle,route de Tbilissi à Mestia et arrivée en Svanétie,trajet entre Tbilissi et Mestia,Trajet entre tbilissi et mestia — route de Tbilissi à Mestia et arrivée en Svanétie,"Route géorgienne vue depuis le véhicule en direction de la svanétie, route de Tbilissi à Mestia et arrivée en Svanétie, pendant le voyage à ski en Géorgie.",Trajet entre tbilissi et mestia pendant le voyage et le raid à ski en Haute-Svanétie.,Route géorgienne vue depuis le véhicule en direction de la svanétie. Localisation établie par la chronologie du voyage.,True,410796,155359
