original_file,web_file,role,alt,capture_time_local,gpx_latitude,gpx_longitude,gpx_altitude_m,gpx_time_gap_seconds,gpx_confidence
20250228_133803.jpg,tour-des-agneaux-ecrins-ski-alpinisme-20250228_133803.jpg,portfolio,Itinérance à ski dans les Écrins lors du Tour des Agneaux — photo 1.,2025-02-28T13:38:03+01:00,44.955445,6.386588,3481,2,high
20250228_143151.jpg,tour-des-agneaux-ecrins-ski-alpinisme-20250228_143151.jpg,portfolio,Itinérance à ski dans les Écrins lors du Tour des Agneaux — photo 2.,2025-02-28T14:31:51+01:00,44.971101,6.366964,2199,0,high
DSC07750.jpg,tour-des-agneaux-ecrins-ski-alpinisme-dsc07750.jpg,narrative,Itinérance à ski dans les Écrins lors du Tour des Agneaux — photo 3.,2025-02-28T13:31:51.062+01:00,44.955445,6.386588,3480,2,high
DSC07790.jpg,tour-des-agneaux-ecrins-ski-alpinisme-dsc07790.jpg,portfolio,Itinérance à ski dans les Écrins lors du Tour des Agneaux — photo 4.,2025-02-28T13:32:27.062+01:00,44.955445,6.386588,3481,2,high
DSC07795.jpg,tour-des-agneaux-ecrins-ski-alpinisme-dsc07795.jpg,narrative,Itinérance à ski dans les Écrins lors du Tour des Agneaux — photo 5.,2025-02-28T13:38:56.602+01:00,44.956242,6.386495,3448,2,high
DSC07804 (2025-03-02T20_07_47.149).jpg,tour-des-agneaux-ecrins-ski-alpinisme-dsc07804.jpg,hero,Itinérance à ski dans les Écrins lors du Tour des Agneaux — photo 6.,2025-02-28T14:14:13.702+01:00,44.964565,6.374016,2491,0,high
DSC07822.JPG,tour-des-agneaux-ecrins-ski-alpinisme-dsc07822.jpg,narrative,Itinérance à ski dans les Écrins lors du Tour des Agneaux — photo 7.,2025-02-28T15:04:00+01:00,44.994632,6.380185,1991,1,high
DSC07831 (2025-03-02T20_07_45.953).jpg,tour-des-agneaux-ecrins-ski-alpinisme-dsc07831.jpg,portfolio,Itinérance à ski dans les Écrins lors du Tour des Agneaux — photo 8.,2025-02-28T18:15:41.403+01:00,44.996367,6.384241,2088,10087,low
DSC07851.jpg,tour-des-agneaux-ecrins-ski-alpinisme-dsc07851.jpg,full-width,Itinérance à ski dans les Écrins lors du Tour des Agneaux — photo 9.,2025-03-01T06:58:09.612+01:00,44.996247,6.384202,2089,205,medium
DSC07855.jpg,tour-des-agneaux-ecrins-ski-alpinisme-dsc07855.jpg,portfolio,Itinérance à ski dans les Écrins lors du Tour des Agneaux — photo 10.,2025-03-01T07:02:09.428+01:00,44.996296,6.384392,2069,2,high
DSC07863 (2025-03-06T08_58_15.056).jpg,tour-des-agneaux-ecrins-ski-alpinisme-dsc07863.jpg,narrative,Itinérance à ski dans les Écrins lors du Tour des Agneaux — photo 11.,2025-03-01T07:56:15.401+01:00,44.978795,6.405544,2287,0,high
DSC07882.jpg,tour-des-agneaux-ecrins-ski-alpinisme-dsc07882.jpg,portfolio,Itinérance à ski dans les Écrins lors du Tour des Agneaux — photo 12.,2025-03-01T11:25:31.081+01:00,44.959866,6.431533,3201,0,high
DSC07893.jpg,tour-des-agneaux-ecrins-ski-alpinisme-dsc07893.jpg,portfolio,Itinérance à ski dans les Écrins lors du Tour des Agneaux — photo 13.,2025-03-01T12:50:34.341+01:00,44.956491,6.443578,3138,2,high
DSC07904.jpg,tour-des-agneaux-ecrins-ski-alpinisme-dsc07904.jpg,portfolio,Itinérance à ski dans les Écrins lors du Tour des Agneaux — photo 14.,2025-03-01T13:05:54.217+01:00,44.957675,6.444719,3127,2,high
DSC07909.jpg,tour-des-agneaux-ecrins-ski-alpinisme-dsc07909.jpg,narrative,Itinérance à ski dans les Écrins lors du Tour des Agneaux — photo 15.,2025-03-01T13:26:49.361+01:00,44.957950,6.444550,3100,0,high
DSC07917 (2025-03-06T08_58_21.852).jpg,tour-des-agneaux-ecrins-ski-alpinisme-dsc07917.jpg,portfolio,Itinérance à ski dans les Écrins lors du Tour des Agneaux — photo 16.,2025-03-01T13:32:19.942+01:00,44.957950,6.444550,3096,2,high
DSC07960 (2025-03-06T08_58_11.025).jpg,tour-des-agneaux-ecrins-ski-alpinisme-dsc07960.jpg,portfolio,Itinérance à ski dans les Écrins lors du Tour des Agneaux — photo 17.,2025-03-01T13:43:45.921+01:00,44.957986,6.444890,3056,1,high
20250227_120348.jpg,tour-des-agneaux-ecrins-ski-alpinisme-20250227_120348.jpg,portfolio,Itinérance à ski dans les Écrins lors du Tour des Agneaux — photo 18.,2025-02-27T12:03:48+01:00,44.934490,6.486866,2732,2,high
DSC07360.jpg,tour-des-agneaux-ecrins-ski-alpinisme-dsc07360.jpg,narrative,Itinérance à ski dans les Écrins lors du Tour des Agneaux — photo 19.,2025-02-27T11:52:39.7+01:00,44.934636,6.487090,2715,0,high
DSC07372.jpg,tour-des-agneaux-ecrins-ski-alpinisme-dsc07372.jpg,narrative,Itinérance à ski dans les Écrins lors du Tour des Agneaux — photo 20.,2025-02-27T11:55:00+01:00,44.934490,6.486866,2725,2,high
DSC07382.jpg,tour-des-agneaux-ecrins-ski-alpinisme-dsc07382.jpg,portfolio,Itinérance à ski dans les Écrins lors du Tour des Agneaux — photo 21.,2025-02-27T12:55:26.7+01:00,44.936964,6.471012,2605,2,high
DSC07391.jpg,tour-des-agneaux-ecrins-ski-alpinisme-dsc07391.jpg,portfolio,Itinérance à ski dans les Écrins lors du Tour des Agneaux — photo 22.,2025-02-27T12:58:15.78+01:00,44.936802,6.470091,2630,1,high
DSC07415.jpg,tour-des-agneaux-ecrins-ski-alpinisme-dsc07415.jpg,portfolio,Itinérance à ski dans les Écrins lors du Tour des Agneaux — photo 23.,2025-02-27T17:09:52.085+01:00,44.943943,6.433048,3303,1,high
DSC07420.jpg,tour-des-agneaux-ecrins-ski-alpinisme-dsc07420.jpg,full-width,Itinérance à ski dans les Écrins lors du Tour des Agneaux — photo 24.,2025-02-27T17:15:02.636+01:00,44.943893,6.432763,3324,3,high
DSC07425 (2025-03-02T20_07_51.848).jpg,tour-des-agneaux-ecrins-ski-alpinisme-dsc07425.jpg,portfolio,Itinérance à ski dans les Écrins lors du Tour des Agneaux — photo 25.,2025-02-27T17:17:28.345+01:00,44.943787,6.432726,3332,2,high
DSC07434.JPG,tour-des-agneaux-ecrins-ski-alpinisme-dsc07434.jpg,portfolio,Itinérance à ski dans les Écrins lors du Tour des Agneaux — photo 26.,2025-02-27T17:20:01+01:00,44.943787,6.432726,3340,2,high
DSC07449.jpg,tour-des-agneaux-ecrins-ski-alpinisme-dsc07449.jpg,portfolio,Itinérance à ski dans les Écrins lors du Tour des Agneaux — photo 27.,2025-02-27T17:25:23.345+01:00,44.943865,6.432569,3345,1,high
DSC07473.jpg,tour-des-agneaux-ecrins-ski-alpinisme-dsc07473.jpg,full-width,Itinérance à ski dans les Écrins lors du Tour des Agneaux — photo 28.,2025-02-27T17:30:47.063+01:00,44.943865,6.432569,3344,3,high
DSC07477.jpg,tour-des-agneaux-ecrins-ski-alpinisme-dsc07477.jpg,portfolio,Itinérance à ski dans les Écrins lors du Tour des Agneaux — photo 29.,2025-02-27T17:30:48.363+01:00,44.943865,6.432569,3344,2,high
DSC07489.jpg,tour-des-agneaux-ecrins-ski-alpinisme-dsc07489.jpg,portfolio,Itinérance à ski dans les Écrins lors du Tour des Agneaux — photo 30.,2025-02-28T08:26:15.982+01:00,44.937523,6.411417,2557,1091,low
DSC07515.jpg,tour-des-agneaux-ecrins-ski-alpinisme-dsc07515.jpg,portfolio,Itinérance à ski dans les Écrins lors du Tour des Agneaux — photo 31.,2025-02-28T08:52:04.961+01:00,44.937792,6.411459,2558,1,high
DSC07538.jpg,tour-des-agneaux-ecrins-ski-alpinisme-dsc07538.jpg,full-width,Itinérance à ski dans les Écrins lors du Tour des Agneaux — photo 32.,2025-02-28T10:16:34.26+01:00,44.946082,6.402412,2841,1,high
DSC07574 (2025-03-02T20_07_31.341).jpg,tour-des-agneaux-ecrins-ski-alpinisme-dsc07574.jpg,portfolio,Itinérance à ski dans les Écrins lors du Tour des Agneaux — photo 33.,2025-02-28T11:22:02.72+01:00,44.949723,6.388242,3087,1,high
DSC07597.jpg,tour-des-agneaux-ecrins-ski-alpinisme-dsc07597.jpg,portfolio,Itinérance à ski dans les Écrins lors du Tour des Agneaux — photo 34.,2025-02-28T11:33:23+01:00,44.950564,6.388881,3137,2,high
DSC07606 (2025-03-02T20_07_53.514).jpg,tour-des-agneaux-ecrins-ski-alpinisme-dsc07606.jpg,narrative,Itinérance à ski dans les Écrins lors du Tour des Agneaux — photo 35.,2025-02-28T12:31:52.12+01:00,44.954448,6.386984,3490,2,high
DSC07631 (2025-03-02T20_07_23.152).jpg,tour-des-agneaux-ecrins-ski-alpinisme-dsc07631.jpg,portfolio,Itinérance à ski dans les Écrins lors du Tour des Agneaux — photo 36.,2025-02-28T12:42:45.901+01:00,44.954379,6.387055,3511,1,high
DSC07679 (2025-03-02T20_07_30.624).jpg,tour-des-agneaux-ecrins-ski-alpinisme-dsc07679.jpg,narrative,Itinérance à ski dans les Écrins lors du Tour des Agneaux — photo 37.,2025-02-28T13:23:07.221+01:00,44.955445,6.386588,3480,1,high
DSC07686 (2025-03-02T20_07_38.243).jpg,tour-des-agneaux-ecrins-ski-alpinisme-dsc07686.jpg,portfolio,Itinérance à ski dans les Écrins lors du Tour des Agneaux — photo 38.,2025-02-28T13:23:09.68+01:00,44.955445,6.386588,3480,2,high
DSC07707 (2025-03-02T20_07_34.998).jpg,tour-des-agneaux-ecrins-ski-alpinisme-dsc07707.jpg,full-width,Itinérance à ski dans les Écrins lors du Tour des Agneaux — photo 39.,2025-02-28T13:26:12.321+01:00,44.955445,6.386588,3480,2,high
DSC07712 (2025-03-02T20_07_29.326).jpg,tour-des-agneaux-ecrins-ski-alpinisme-dsc07712.jpg,portfolio,Itinérance à ski dans les Écrins lors du Tour des Agneaux — photo 40.,2025-02-28T13:29:51.041+01:00,44.955445,6.386588,3480,2,high
DSC07734 (2025-03-02T20_07_38.701).jpg,tour-des-agneaux-ecrins-ski-alpinisme-dsc07734.jpg,portfolio,Itinérance à ski dans les Écrins lors du Tour des Agneaux — photo 41.,2025-02-28T13:30:27.801+01:00,44.955445,6.386588,3480,0,high
DSC07737 (2025-03-02T20_07_36.485).jpg,tour-des-agneaux-ecrins-ski-alpinisme-dsc07737.jpg,portfolio,Itinérance à ski dans les Écrins lors du Tour des Agneaux — photo 42.,2025-02-28T13:30:28.621+01:00,44.955445,6.386588,3480,1,high
