original,datetime_exif,offset_exif,camera_correction,gpx_timestamp,delta_seconds,latitude,longitude,altitude_m,jour,lieu,confidence,fichier_web_seo,titre,alt,legende,description,statut_web,notes,width,height,size_bytes,valid,error
DSC05483.jpg,,,à vérifier,,,,,,,Haut Atlas marocain / massif du Toubkal (localisation à vérifier),à vérifier,maroc-haut-atlas-toubkal-route-et-village-sous-la-neige-05483.jpg,"Route et village sous la neige — Maroc, Haut Atlas","Route et village sous la neige dans le massif du Toubkal, Haut Atlas marocain",Haut Atlas marocain — route et village sous la neige,"Photographie du voyage à ski dans le Haut Atlas marocain, secteur du massif du Toubkal : route et village sous la neige.",produite,,5211,3474,2558771,True,
DSC05489.jpg,,,à vérifier,,,,,,,Haut Atlas marocain / massif du Toubkal (localisation à vérifier),à vérifier,maroc-haut-atlas-toubkal-route-et-village-sous-la-neige-05489.jpg,"Route et village sous la neige — Maroc, Haut Atlas","Route et village sous la neige dans le massif du Toubkal, Haut Atlas marocain",Haut Atlas marocain — route et village sous la neige,"Photographie du voyage à ski dans le Haut Atlas marocain, secteur du massif du Toubkal : route et village sous la neige.",produite,,6000,4000,1514048,True,
DSC05496.jpg,,,à vérifier,,,,,,,Haut Atlas marocain / massif du Toubkal (localisation à vérifier),à vérifier,maroc-haut-atlas-toubkal-route-et-village-sous-la-neige-05496.jpg,"Route et village sous la neige — Maroc, Haut Atlas","Route et village sous la neige dans le massif du Toubkal, Haut Atlas marocain",Haut Atlas marocain — route et village sous la neige,"Photographie du voyage à ski dans le Haut Atlas marocain, secteur du massif du Toubkal : route et village sous la neige.",produite,,6000,4000,1095602,True,
DSC05543.jpg,,,à vérifier,,,,,,,Haut Atlas marocain / massif du Toubkal (localisation à vérifier),à vérifier,maroc-haut-atlas-toubkal-route-et-village-sous-la-neige-05543.jpg,"Route et village sous la neige — Maroc, Haut Atlas","Route et village sous la neige dans le massif du Toubkal, Haut Atlas marocain",Haut Atlas marocain — route et village sous la neige,"Photographie du voyage à ski dans le Haut Atlas marocain, secteur du massif du Toubkal : route et village sous la neige.",produite,,6000,4000,2124949,True,
DSC05569.jpg,,,à vérifier,,,,,,,Haut Atlas marocain / massif du Toubkal (localisation à vérifier),à vérifier,maroc-haut-atlas-toubkal-vie-de-village-et-accueil-berbere-05569.jpg,"Vie de village et accueil berbere — Maroc, Haut Atlas","Vie de village et accueil berbere dans le massif du Toubkal, Haut Atlas marocain",Haut Atlas marocain — vie de village et accueil berbere,"Photographie du voyage à ski dans le Haut Atlas marocain, secteur du massif du Toubkal : vie de village et accueil berbere.",produite,,6000,4000,1642024,True,
DSC05597.jpg,,,à vérifier,,,,,,,Haut Atlas marocain / massif du Toubkal (localisation à vérifier),à vérifier,maroc-haut-atlas-toubkal-vie-de-village-et-accueil-berbere-05597.jpg,"Vie de village et accueil berbere — Maroc, Haut Atlas","Vie de village et accueil berbere dans le massif du Toubkal, Haut Atlas marocain",Haut Atlas marocain — vie de village et accueil berbere,"Photographie du voyage à ski dans le Haut Atlas marocain, secteur du massif du Toubkal : vie de village et accueil berbere.",produite,,4000,6000,2138091,True,
DSC05614.jpg,,,à vérifier,,,,,,,Haut Atlas marocain / massif du Toubkal (localisation à vérifier),à vérifier,maroc-haut-atlas-toubkal-vie-de-village-et-accueil-berbere-05614.jpg,"Vie de village et accueil berbere — Maroc, Haut Atlas","Vie de village et accueil berbere dans le massif du Toubkal, Haut Atlas marocain",Haut Atlas marocain — vie de village et accueil berbere,"Photographie du voyage à ski dans le Haut Atlas marocain, secteur du massif du Toubkal : vie de village et accueil berbere.",produite,,6000,4000,1499420,True,
DSC05655.jpg,,,à vérifier,,,,,,,Haut Atlas marocain / massif du Toubkal (localisation à vérifier),à vérifier,maroc-haut-atlas-toubkal-vie-de-village-et-accueil-berbere-05655.jpg,"Vie de village et accueil berbere — Maroc, Haut Atlas","Vie de village et accueil berbere dans le massif du Toubkal, Haut Atlas marocain",Haut Atlas marocain — vie de village et accueil berbere,"Photographie du voyage à ski dans le Haut Atlas marocain, secteur du massif du Toubkal : vie de village et accueil berbere.",produite,,4000,6000,3145728,True,
DSC05672.jpg,,,à vérifier,,,,,,,Haut Atlas marocain / massif du Toubkal (localisation à vérifier),à vérifier,maroc-haut-atlas-toubkal-vie-de-village-et-accueil-berbere-05672.jpg,"Vie de village et accueil berbere — Maroc, Haut Atlas","Vie de village et accueil berbere dans le massif du Toubkal, Haut Atlas marocain",Haut Atlas marocain — vie de village et accueil berbere,"Photographie du voyage à ski dans le Haut Atlas marocain, secteur du massif du Toubkal : vie de village et accueil berbere.",produite,,4000,6000,1896066,True,
DSC05679.jpg,,,à vérifier,,,,,,,Haut Atlas marocain / massif du Toubkal (localisation à vérifier),à vérifier,maroc-haut-atlas-toubkal-vie-de-village-et-accueil-berbere-05679.jpg,"Vie de village et accueil berbere — Maroc, Haut Atlas","Vie de village et accueil berbere dans le massif du Toubkal, Haut Atlas marocain",Haut Atlas marocain — vie de village et accueil berbere,"Photographie du voyage à ski dans le Haut Atlas marocain, secteur du massif du Toubkal : vie de village et accueil berbere.",produite,,5840,3893,3656415,True,
DSC05712-2.jpg,,,à vérifier,,,,,,,Haut Atlas marocain / massif du Toubkal (localisation à vérifier),à vérifier,,,,,,écartée,doublon strict de DSC05712.jpg,5112,3408,738925,True,
DSC05712.jpg,,,à vérifier,,,,,,,Haut Atlas marocain / massif du Toubkal (localisation à vérifier),à vérifier,maroc-haut-atlas-toubkal-montee-a-ski-dans-la-neige-05712.jpg,"Montee a ski dans la neige — Maroc, Haut Atlas","Montee a ski dans la neige dans le massif du Toubkal, Haut Atlas marocain",,"Photographie du voyage à ski dans le Haut Atlas marocain, secteur du massif du Toubkal : montee a ski dans la neige.",produite,,5112,3408,738925,True,
DSC05753.jpg,,,à vérifier,,,,,,,Haut Atlas marocain / massif du Toubkal (localisation à vérifier),à vérifier,maroc-haut-atlas-toubkal-montee-a-ski-dans-la-neige-05753.jpg,"Montee a ski dans la neige — Maroc, Haut Atlas","Montee a ski dans la neige dans le massif du Toubkal, Haut Atlas marocain",,"Photographie du voyage à ski dans le Haut Atlas marocain, secteur du massif du Toubkal : montee a ski dans la neige.",produite,,4000,6000,2828132,True,
DSC05775.jpg,,,à vérifier,,,,,,,Haut Atlas marocain / massif du Toubkal (localisation à vérifier),à vérifier,maroc-haut-atlas-toubkal-montee-a-ski-dans-la-neige-05775.jpg,"Montee a ski dans la neige — Maroc, Haut Atlas","Montee a ski dans la neige dans le massif du Toubkal, Haut Atlas marocain",,"Photographie du voyage à ski dans le Haut Atlas marocain, secteur du massif du Toubkal : montee a ski dans la neige.",produite,,6000,4000,1646981,True,
DSC05782.jpg,,,à vérifier,,,,,,,Haut Atlas marocain / massif du Toubkal (localisation à vérifier),à vérifier,maroc-haut-atlas-toubkal-montee-a-ski-dans-la-neige-05782.jpg,"Montee a ski dans la neige — Maroc, Haut Atlas","Montee a ski dans la neige dans le massif du Toubkal, Haut Atlas marocain",,"Photographie du voyage à ski dans le Haut Atlas marocain, secteur du massif du Toubkal : montee a ski dans la neige.",produite,,6000,4000,2418446,True,
DSC05813.jpg,,,à vérifier,,,,,,,Haut Atlas marocain / massif du Toubkal (localisation à vérifier),à vérifier,maroc-haut-atlas-toubkal-montee-a-ski-dans-la-neige-05813.jpg,"Montee a ski dans la neige — Maroc, Haut Atlas","Montee a ski dans la neige dans le massif du Toubkal, Haut Atlas marocain",,"Photographie du voyage à ski dans le Haut Atlas marocain, secteur du massif du Toubkal : montee a ski dans la neige.",produite,,5909,3939,3510286,True,
DSC05834.jpg,,,à vérifier,,,,,,,Haut Atlas marocain / massif du Toubkal (localisation à vérifier),à vérifier,maroc-haut-atlas-toubkal-montee-a-ski-dans-la-neige-05834.jpg,"Montee a ski dans la neige — Maroc, Haut Atlas","Montee a ski dans la neige dans le massif du Toubkal, Haut Atlas marocain",,"Photographie du voyage à ski dans le Haut Atlas marocain, secteur du massif du Toubkal : montee a ski dans la neige.",produite,,6000,4000,2364986,True,
DSC05844.jpg,,,à vérifier,,,,,,,Haut Atlas marocain / massif du Toubkal (localisation à vérifier),à vérifier,maroc-haut-atlas-toubkal-montee-a-ski-dans-la-neige-05844.jpg,"Montee a ski dans la neige — Maroc, Haut Atlas","Montee a ski dans la neige dans le massif du Toubkal, Haut Atlas marocain",,"Photographie du voyage à ski dans le Haut Atlas marocain, secteur du massif du Toubkal : montee a ski dans la neige.",produite,,5726,3817,1654784,True,
DSC05858.jpg,,,à vérifier,,,,,,,Haut Atlas marocain / massif du Toubkal (localisation à vérifier),à vérifier,maroc-haut-atlas-toubkal-montee-a-ski-dans-la-neige-05858.jpg,"Montee a ski dans la neige — Maroc, Haut Atlas","Montee a ski dans la neige dans le massif du Toubkal, Haut Atlas marocain",,"Photographie du voyage à ski dans le Haut Atlas marocain, secteur du massif du Toubkal : montee a ski dans la neige.",produite,,6000,4000,785914,True,
DSC05903.jpg,,,à vérifier,,,,,,,Haut Atlas marocain / massif du Toubkal (localisation à vérifier),à vérifier,maroc-haut-atlas-toubkal-montee-a-ski-dans-la-neige-05903.jpg,"Montee a ski dans la neige — Maroc, Haut Atlas","Montee a ski dans la neige dans le massif du Toubkal, Haut Atlas marocain",,"Photographie du voyage à ski dans le Haut Atlas marocain, secteur du massif du Toubkal : montee a ski dans la neige.",produite,,6000,4000,1634965,True,
DSC05914.jpg,,,à vérifier,,,,,,,Haut Atlas marocain / massif du Toubkal (localisation à vérifier),à vérifier,maroc-haut-atlas-toubkal-montee-a-ski-dans-la-neige-05914.jpg,"Montee a ski dans la neige — Maroc, Haut Atlas","Montee a ski dans la neige dans le massif du Toubkal, Haut Atlas marocain",,"Photographie du voyage à ski dans le Haut Atlas marocain, secteur du massif du Toubkal : montee a ski dans la neige.",produite,,6000,4000,1090672,True,
DSC05968.jpg,,,à vérifier,,,,,,,Haut Atlas marocain / massif du Toubkal (localisation à vérifier),à vérifier,maroc-haut-atlas-toubkal-montee-a-ski-dans-la-neige-05968.jpg,"Montee a ski dans la neige — Maroc, Haut Atlas","Montee a ski dans la neige dans le massif du Toubkal, Haut Atlas marocain",,"Photographie du voyage à ski dans le Haut Atlas marocain, secteur du massif du Toubkal : montee a ski dans la neige.",produite,,6000,4000,3229037,True,
DSC05984.jpg,,,à vérifier,,,,,,,Haut Atlas marocain / massif du Toubkal (localisation à vérifier),à vérifier,maroc-haut-atlas-toubkal-montee-a-ski-dans-la-neige-05984.jpg,"Montee a ski dans la neige — Maroc, Haut Atlas","Montee a ski dans la neige dans le massif du Toubkal, Haut Atlas marocain",,"Photographie du voyage à ski dans le Haut Atlas marocain, secteur du massif du Toubkal : montee a ski dans la neige.",produite,,6000,4000,2716075,True,
DSC06026.jpg,,,à vérifier,,,,,,,Haut Atlas marocain / massif du Toubkal (localisation à vérifier),à vérifier,maroc-haut-atlas-toubkal-vallee-et-pentes-du-haut-atlas-06026.jpg,"Vallee et pentes du haut atlas — Maroc, Haut Atlas","Vallee et pentes du haut atlas dans le massif du Toubkal, Haut Atlas marocain",,"Photographie du voyage à ski dans le Haut Atlas marocain, secteur du massif du Toubkal : vallee et pentes du haut atlas.",produite,,5439,3626,1732729,True,
DSC06045.jpg,,,à vérifier,,,,,,,Haut Atlas marocain / massif du Toubkal (localisation à vérifier),à vérifier,maroc-haut-atlas-toubkal-vallee-et-pentes-du-haut-atlas-06045.jpg,"Vallee et pentes du haut atlas — Maroc, Haut Atlas","Vallee et pentes du haut atlas dans le massif du Toubkal, Haut Atlas marocain",,"Photographie du voyage à ski dans le Haut Atlas marocain, secteur du massif du Toubkal : vallee et pentes du haut atlas.",produite,,6000,4000,1765574,True,
DSC06072.jpg,,,à vérifier,,,,,,,Haut Atlas marocain / massif du Toubkal (localisation à vérifier),à vérifier,maroc-haut-atlas-toubkal-vallee-et-pentes-du-haut-atlas-06072.jpg,"Vallee et pentes du haut atlas — Maroc, Haut Atlas","Vallee et pentes du haut atlas dans le massif du Toubkal, Haut Atlas marocain",,"Photographie du voyage à ski dans le Haut Atlas marocain, secteur du massif du Toubkal : vallee et pentes du haut atlas.",produite,,6000,4000,2743234,True,
DSC06079.jpg,,,à vérifier,,,,,,,Haut Atlas marocain / massif du Toubkal (localisation à vérifier),à vérifier,maroc-haut-atlas-toubkal-vallee-et-pentes-du-haut-atlas-06079.jpg,"Vallee et pentes du haut atlas — Maroc, Haut Atlas","Vallee et pentes du haut atlas dans le massif du Toubkal, Haut Atlas marocain",,"Photographie du voyage à ski dans le Haut Atlas marocain, secteur du massif du Toubkal : vallee et pentes du haut atlas.",produite,,4000,6000,2527481,True,
DSC06092.jpg,,,à vérifier,,,,,,,Haut Atlas marocain / massif du Toubkal (localisation à vérifier),à vérifier,maroc-haut-atlas-toubkal-vallee-et-pentes-du-haut-atlas-06092.jpg,"Vallee et pentes du haut atlas — Maroc, Haut Atlas","Vallee et pentes du haut atlas dans le massif du Toubkal, Haut Atlas marocain",,"Photographie du voyage à ski dans le Haut Atlas marocain, secteur du massif du Toubkal : vallee et pentes du haut atlas.",produite,,6000,4000,2116283,True,
DSC06103.jpg,,,à vérifier,,,,,,,Haut Atlas marocain / massif du Toubkal (localisation à vérifier),à vérifier,maroc-haut-atlas-toubkal-vallee-et-pentes-du-haut-atlas-06103.jpg,"Vallee et pentes du haut atlas — Maroc, Haut Atlas","Vallee et pentes du haut atlas dans le massif du Toubkal, Haut Atlas marocain",,"Photographie du voyage à ski dans le Haut Atlas marocain, secteur du massif du Toubkal : vallee et pentes du haut atlas.",produite,,6000,4000,1463710,True,
DSC06127.jpg,,,à vérifier,,,,,,,Haut Atlas marocain / massif du Toubkal (localisation à vérifier),à vérifier,maroc-haut-atlas-toubkal-vallee-et-pentes-du-haut-atlas-06127.jpg,"Vallee et pentes du haut atlas — Maroc, Haut Atlas","Vallee et pentes du haut atlas dans le massif du Toubkal, Haut Atlas marocain",,"Photographie du voyage à ski dans le Haut Atlas marocain, secteur du massif du Toubkal : vallee et pentes du haut atlas.",produite,,6000,4000,3017931,True,
DSC06136.jpg,,,à vérifier,,,,,,,Haut Atlas marocain / massif du Toubkal (localisation à vérifier),à vérifier,maroc-haut-atlas-toubkal-vallee-et-pentes-du-haut-atlas-06136.jpg,"Vallee et pentes du haut atlas — Maroc, Haut Atlas","Vallee et pentes du haut atlas dans le massif du Toubkal, Haut Atlas marocain",,"Photographie du voyage à ski dans le Haut Atlas marocain, secteur du massif du Toubkal : vallee et pentes du haut atlas.",produite,,6000,4000,2097152,True,
DSC06144.jpg,,,à vérifier,,,,,,,Haut Atlas marocain / massif du Toubkal (localisation à vérifier),à vérifier,maroc-haut-atlas-toubkal-vallee-et-pentes-du-haut-atlas-06144.jpg,"Vallee et pentes du haut atlas — Maroc, Haut Atlas","Vallee et pentes du haut atlas dans le massif du Toubkal, Haut Atlas marocain",,"Photographie du voyage à ski dans le Haut Atlas marocain, secteur du massif du Toubkal : vallee et pentes du haut atlas.",produite,,5375,3583,2781855,True,
DSC06172.jpg,,,à vérifier,,,,,,,Haut Atlas marocain / massif du Toubkal (localisation à vérifier),à vérifier,maroc-haut-atlas-toubkal-vallee-et-pentes-du-haut-atlas-06172.jpg,"Vallee et pentes du haut atlas — Maroc, Haut Atlas","Vallee et pentes du haut atlas dans le massif du Toubkal, Haut Atlas marocain",,"Photographie du voyage à ski dans le Haut Atlas marocain, secteur du massif du Toubkal : vallee et pentes du haut atlas.",produite,,5284,3523,1891461,True,
DSC06176.jpg,,,à vérifier,,,,,,,Haut Atlas marocain / massif du Toubkal (localisation à vérifier),à vérifier,maroc-haut-atlas-toubkal-vallee-et-pentes-du-haut-atlas-06176.jpg,"Vallee et pentes du haut atlas — Maroc, Haut Atlas","Vallee et pentes du haut atlas dans le massif du Toubkal, Haut Atlas marocain",,"Photographie du voyage à ski dans le Haut Atlas marocain, secteur du massif du Toubkal : vallee et pentes du haut atlas.",produite,,5806,3871,2244254,True,
DSC06206.jpg,,,à vérifier,,,,,,,Haut Atlas marocain / massif du Toubkal (localisation à vérifier),à vérifier,maroc-haut-atlas-toubkal-ski-de-randonnee-et-paysage-d-altitude-06206.jpg,"Ski de randonnee et paysage d altitude — Maroc, Haut Atlas","Ski de randonnee et paysage d altitude dans le massif du Toubkal, Haut Atlas marocain",Haut Atlas marocain — ski de randonnee et paysage d altitude,"Photographie du voyage à ski dans le Haut Atlas marocain, secteur du massif du Toubkal : ski de randonnee et paysage d altitude.",produite,,6000,4000,1679629,True,
DSC06210.jpg,,,à vérifier,,,,,,,Haut Atlas marocain / massif du Toubkal (localisation à vérifier),à vérifier,maroc-haut-atlas-toubkal-ski-de-randonnee-et-paysage-d-altitude-06210.jpg,"Ski de randonnee et paysage d altitude — Maroc, Haut Atlas","Ski de randonnee et paysage d altitude dans le massif du Toubkal, Haut Atlas marocain",Haut Atlas marocain — ski de randonnee et paysage d altitude,"Photographie du voyage à ski dans le Haut Atlas marocain, secteur du massif du Toubkal : ski de randonnee et paysage d altitude.",produite,,5418,3612,1347215,True,
DSC06219.jpg,,,à vérifier,,,,,,,Haut Atlas marocain / massif du Toubkal (localisation à vérifier),à vérifier,maroc-haut-atlas-toubkal-ski-de-randonnee-et-paysage-d-altitude-06219.jpg,"Ski de randonnee et paysage d altitude — Maroc, Haut Atlas","Ski de randonnee et paysage d altitude dans le massif du Toubkal, Haut Atlas marocain",Haut Atlas marocain — ski de randonnee et paysage d altitude,"Photographie du voyage à ski dans le Haut Atlas marocain, secteur du massif du Toubkal : ski de randonnee et paysage d altitude.",produite,,5487,3658,1794353,True,
DSC06225.jpg,,,à vérifier,,,,,,,Haut Atlas marocain / massif du Toubkal (localisation à vérifier),à vérifier,maroc-haut-atlas-toubkal-ski-de-randonnee-et-paysage-d-altitude-06225.jpg,"Ski de randonnee et paysage d altitude — Maroc, Haut Atlas","Ski de randonnee et paysage d altitude dans le massif du Toubkal, Haut Atlas marocain",Haut Atlas marocain — ski de randonnee et paysage d altitude,"Photographie du voyage à ski dans le Haut Atlas marocain, secteur du massif du Toubkal : ski de randonnee et paysage d altitude.",produite,,5620,3747,1821741,True,
DSC06234.jpg,,,à vérifier,,,,,,,Haut Atlas marocain / massif du Toubkal (localisation à vérifier),à vérifier,maroc-haut-atlas-toubkal-ski-de-randonnee-et-paysage-d-altitude-06234.jpg,"Ski de randonnee et paysage d altitude — Maroc, Haut Atlas","Ski de randonnee et paysage d altitude dans le massif du Toubkal, Haut Atlas marocain",Haut Atlas marocain — ski de randonnee et paysage d altitude,"Photographie du voyage à ski dans le Haut Atlas marocain, secteur du massif du Toubkal : ski de randonnee et paysage d altitude.",produite,,6000,4000,1044480,True,
DSC06245.jpg,,,à vérifier,,,,,,,Haut Atlas marocain / massif du Toubkal (localisation à vérifier),à vérifier,maroc-haut-atlas-toubkal-ski-de-randonnee-et-paysage-d-altitude-06245.jpg,"Ski de randonnee et paysage d altitude — Maroc, Haut Atlas","Ski de randonnee et paysage d altitude dans le massif du Toubkal, Haut Atlas marocain",Haut Atlas marocain — ski de randonnee et paysage d altitude,"Photographie du voyage à ski dans le Haut Atlas marocain, secteur du massif du Toubkal : ski de randonnee et paysage d altitude.",produite,,5432,3621,1639864,True,
DSC06261.jpg,,,à vérifier,,,,,,,Haut Atlas marocain / massif du Toubkal (localisation à vérifier),à vérifier,maroc-haut-atlas-toubkal-ski-de-randonnee-et-paysage-d-altitude-06261.jpg,"Ski de randonnee et paysage d altitude — Maroc, Haut Atlas","Ski de randonnee et paysage d altitude dans le massif du Toubkal, Haut Atlas marocain",Haut Atlas marocain — ski de randonnee et paysage d altitude,"Photographie du voyage à ski dans le Haut Atlas marocain, secteur du massif du Toubkal : ski de randonnee et paysage d altitude.",produite,,5769,3846,1462647,True,
DSC06272.jpg,,,à vérifier,,,,,,,Haut Atlas marocain / massif du Toubkal (localisation à vérifier),à vérifier,maroc-haut-atlas-toubkal-ski-de-randonnee-et-paysage-d-altitude-06272.jpg,"Ski de randonnee et paysage d altitude — Maroc, Haut Atlas","Ski de randonnee et paysage d altitude dans le massif du Toubkal, Haut Atlas marocain",Haut Atlas marocain — ski de randonnee et paysage d altitude,"Photographie du voyage à ski dans le Haut Atlas marocain, secteur du massif du Toubkal : ski de randonnee et paysage d altitude.",produite,,6000,4000,1670873,True,
DSC06288.jpg,,,à vérifier,,,,,,,Haut Atlas marocain / massif du Toubkal (localisation à vérifier),à vérifier,maroc-haut-atlas-toubkal-ski-de-randonnee-et-paysage-d-altitude-06288.jpg,"Ski de randonnee et paysage d altitude — Maroc, Haut Atlas","Ski de randonnee et paysage d altitude dans le massif du Toubkal, Haut Atlas marocain",Haut Atlas marocain — ski de randonnee et paysage d altitude,"Photographie du voyage à ski dans le Haut Atlas marocain, secteur du massif du Toubkal : ski de randonnee et paysage d altitude.",produite,,5712,3808,1028096,True,
DSC06302.jpg,,,à vérifier,,,,,,,Haut Atlas marocain / massif du Toubkal (localisation à vérifier),à vérifier,maroc-haut-atlas-toubkal-ski-de-randonnee-et-paysage-d-altitude-06302.jpg,"Ski de randonnee et paysage d altitude — Maroc, Haut Atlas","Ski de randonnee et paysage d altitude dans le massif du Toubkal, Haut Atlas marocain",Haut Atlas marocain — ski de randonnee et paysage d altitude,"Photographie du voyage à ski dans le Haut Atlas marocain, secteur du massif du Toubkal : ski de randonnee et paysage d altitude.",produite,,6000,4000,1898838,True,
DSC06304.jpg,,,à vérifier,,,,,,,Haut Atlas marocain / massif du Toubkal (localisation à vérifier),à vérifier,maroc-haut-atlas-toubkal-ski-de-randonnee-et-paysage-d-altitude-06304.jpg,"Ski de randonnee et paysage d altitude — Maroc, Haut Atlas","Ski de randonnee et paysage d altitude dans le massif du Toubkal, Haut Atlas marocain",Haut Atlas marocain — ski de randonnee et paysage d altitude,"Photographie du voyage à ski dans le Haut Atlas marocain, secteur du massif du Toubkal : ski de randonnee et paysage d altitude.",produite,,5989,3993,1892853,True,
DSC06307.jpg,,,à vérifier,,,,,,,Haut Atlas marocain / massif du Toubkal (localisation à vérifier),à vérifier,maroc-haut-atlas-toubkal-ski-de-randonnee-et-paysage-d-altitude-06307.jpg,"Ski de randonnee et paysage d altitude — Maroc, Haut Atlas","Ski de randonnee et paysage d altitude dans le massif du Toubkal, Haut Atlas marocain",Haut Atlas marocain — ski de randonnee et paysage d altitude,"Photographie du voyage à ski dans le Haut Atlas marocain, secteur du massif du Toubkal : ski de randonnee et paysage d altitude.",produite,,5863,3909,2475530,True,
DSC06312.jpg,,,à vérifier,,,,,,,Haut Atlas marocain / massif du Toubkal (localisation à vérifier),à vérifier,maroc-haut-atlas-toubkal-ski-de-randonnee-et-paysage-d-altitude-06312.jpg,"Ski de randonnee et paysage d altitude — Maroc, Haut Atlas","Ski de randonnee et paysage d altitude dans le massif du Toubkal, Haut Atlas marocain",Haut Atlas marocain — ski de randonnee et paysage d altitude,"Photographie du voyage à ski dans le Haut Atlas marocain, secteur du massif du Toubkal : ski de randonnee et paysage d altitude.",produite,,6000,4000,2628760,True,
DSC06318.jpg,,,à vérifier,,,,,,,Haut Atlas marocain / massif du Toubkal (localisation à vérifier),à vérifier,maroc-haut-atlas-toubkal-ski-de-randonnee-et-paysage-d-altitude-06318.jpg,"Ski de randonnee et paysage d altitude — Maroc, Haut Atlas","Ski de randonnee et paysage d altitude dans le massif du Toubkal, Haut Atlas marocain",Haut Atlas marocain — ski de randonnee et paysage d altitude,"Photographie du voyage à ski dans le Haut Atlas marocain, secteur du massif du Toubkal : ski de randonnee et paysage d altitude.",produite,,6000,4000,1367865,True,
DSC06336.jpg,,,à vérifier,,,,,,,Haut Atlas marocain / massif du Toubkal (localisation à vérifier),à vérifier,maroc-haut-atlas-toubkal-ski-de-randonnee-et-paysage-d-altitude-06336.jpg,"Ski de randonnee et paysage d altitude — Maroc, Haut Atlas","Ski de randonnee et paysage d altitude dans le massif du Toubkal, Haut Atlas marocain",Haut Atlas marocain — ski de randonnee et paysage d altitude,"Photographie du voyage à ski dans le Haut Atlas marocain, secteur du massif du Toubkal : ski de randonnee et paysage d altitude.",produite,,6000,4000,3274863,True,
DSC06352.jpg,,,à vérifier,,,,,,,Haut Atlas marocain / massif du Toubkal (localisation à vérifier),à vérifier,maroc-haut-atlas-toubkal-ski-de-randonnee-et-paysage-d-altitude-06352.jpg,"Ski de randonnee et paysage d altitude — Maroc, Haut Atlas","Ski de randonnee et paysage d altitude dans le massif du Toubkal, Haut Atlas marocain",Haut Atlas marocain — ski de randonnee et paysage d altitude,"Photographie du voyage à ski dans le Haut Atlas marocain, secteur du massif du Toubkal : ski de randonnee et paysage d altitude.",produite,,4000,6000,2734057,True,
DSC06359.jpg,,,à vérifier,,,,,,,Haut Atlas marocain / massif du Toubkal (localisation à vérifier),à vérifier,maroc-haut-atlas-toubkal-ski-de-randonnee-et-paysage-d-altitude-06359.jpg,"Ski de randonnee et paysage d altitude — Maroc, Haut Atlas","Ski de randonnee et paysage d altitude dans le massif du Toubkal, Haut Atlas marocain",Haut Atlas marocain — ski de randonnee et paysage d altitude,"Photographie du voyage à ski dans le Haut Atlas marocain, secteur du massif du Toubkal : ski de randonnee et paysage d altitude.",produite,,5496,3664,1974494,True,
DSC06362.jpg,,,à vérifier,,,,,,,Haut Atlas marocain / massif du Toubkal (localisation à vérifier),à vérifier,maroc-haut-atlas-toubkal-ski-de-randonnee-et-paysage-d-altitude-06362.jpg,"Ski de randonnee et paysage d altitude — Maroc, Haut Atlas","Ski de randonnee et paysage d altitude dans le massif du Toubkal, Haut Atlas marocain",Haut Atlas marocain — ski de randonnee et paysage d altitude,"Photographie du voyage à ski dans le Haut Atlas marocain, secteur du massif du Toubkal : ski de randonnee et paysage d altitude.",produite,,5931,3954,2120179,True,
DSC06365.jpg,,,à vérifier,,,,,,,Haut Atlas marocain / massif du Toubkal (localisation à vérifier),à vérifier,maroc-haut-atlas-toubkal-ski-de-randonnee-et-paysage-d-altitude-06365.jpg,"Ski de randonnee et paysage d altitude — Maroc, Haut Atlas","Ski de randonnee et paysage d altitude dans le massif du Toubkal, Haut Atlas marocain",Haut Atlas marocain — ski de randonnee et paysage d altitude,"Photographie du voyage à ski dans le Haut Atlas marocain, secteur du massif du Toubkal : ski de randonnee et paysage d altitude.",produite,,5840,3893,1441792,True,
DSC06386.jpg,,,à vérifier,,,,,,,Haut Atlas marocain / massif du Toubkal (localisation à vérifier),à vérifier,maroc-haut-atlas-toubkal-ski-de-randonnee-et-paysage-d-altitude-06386.jpg,"Ski de randonnee et paysage d altitude — Maroc, Haut Atlas","Ski de randonnee et paysage d altitude dans le massif du Toubkal, Haut Atlas marocain",Haut Atlas marocain — ski de randonnee et paysage d altitude,"Photographie du voyage à ski dans le Haut Atlas marocain, secteur du massif du Toubkal : ski de randonnee et paysage d altitude.",produite,,6000,4000,1678976,True,
DSC06392.jpg,,,à vérifier,,,,,,,Haut Atlas marocain / massif du Toubkal (localisation à vérifier),à vérifier,maroc-haut-atlas-toubkal-ski-de-randonnee-et-paysage-d-altitude-06392.jpg,"Ski de randonnee et paysage d altitude — Maroc, Haut Atlas","Ski de randonnee et paysage d altitude dans le massif du Toubkal, Haut Atlas marocain",Haut Atlas marocain — ski de randonnee et paysage d altitude,"Photographie du voyage à ski dans le Haut Atlas marocain, secteur du massif du Toubkal : ski de randonnee et paysage d altitude.",produite,,6000,4000,2228224,True,
DSC06399.jpg,,,à vérifier,,,,,,,Haut Atlas marocain / massif du Toubkal (localisation à vérifier),à vérifier,maroc-haut-atlas-toubkal-ski-de-randonnee-et-paysage-d-altitude-06399.jpg,"Ski de randonnee et paysage d altitude — Maroc, Haut Atlas","Ski de randonnee et paysage d altitude dans le massif du Toubkal, Haut Atlas marocain",Haut Atlas marocain — ski de randonnee et paysage d altitude,"Photographie du voyage à ski dans le Haut Atlas marocain, secteur du massif du Toubkal : ski de randonnee et paysage d altitude.",produite,,6000,4000,2321318,True,
DSC06400.jpg,,,à vérifier,,,,,,,Haut Atlas marocain / massif du Toubkal (localisation à vérifier),à vérifier,maroc-haut-atlas-toubkal-cretes-et-descente-en-neige-06400.jpg,"Cretes et descente en neige — Maroc, Haut Atlas","Cretes et descente en neige dans le massif du Toubkal, Haut Atlas marocain",,"Photographie du voyage à ski dans le Haut Atlas marocain, secteur du massif du Toubkal : cretes et descente en neige.",produite,,5739,3826,2606279,True,
DSC06406.jpg,,,à vérifier,,,,,,,Haut Atlas marocain / massif du Toubkal (localisation à vérifier),à vérifier,maroc-haut-atlas-toubkal-cretes-et-descente-en-neige-06406.jpg,"Cretes et descente en neige — Maroc, Haut Atlas","Cretes et descente en neige dans le massif du Toubkal, Haut Atlas marocain",,"Photographie du voyage à ski dans le Haut Atlas marocain, secteur du massif du Toubkal : cretes et descente en neige.",produite,,5279,3519,2173670,True,
DSC06408.jpg,,,à vérifier,,,,,,,Haut Atlas marocain / massif du Toubkal (localisation à vérifier),à vérifier,maroc-haut-atlas-toubkal-cretes-et-descente-en-neige-06408.jpg,"Cretes et descente en neige — Maroc, Haut Atlas","Cretes et descente en neige dans le massif du Toubkal, Haut Atlas marocain",,"Photographie du voyage à ski dans le Haut Atlas marocain, secteur du massif du Toubkal : cretes et descente en neige.",produite,,5126,3417,2272379,True,
DSC06434.jpg,,,à vérifier,,,,,,,Haut Atlas marocain / massif du Toubkal (localisation à vérifier),à vérifier,maroc-haut-atlas-toubkal-cretes-et-descente-en-neige-06434.jpg,"Cretes et descente en neige — Maroc, Haut Atlas","Cretes et descente en neige dans le massif du Toubkal, Haut Atlas marocain",,"Photographie du voyage à ski dans le Haut Atlas marocain, secteur du massif du Toubkal : cretes et descente en neige.",produite,,4632,3088,1130496,True,
DSC06511.jpg,,,à vérifier,,,,,,,Haut Atlas marocain / massif du Toubkal (localisation à vérifier),à vérifier,maroc-haut-atlas-toubkal-cretes-et-descente-en-neige-06511.jpg,"Cretes et descente en neige — Maroc, Haut Atlas","Cretes et descente en neige dans le massif du Toubkal, Haut Atlas marocain",,"Photographie du voyage à ski dans le Haut Atlas marocain, secteur du massif du Toubkal : cretes et descente en neige.",produite,,5078,3385,3642813,True,
DSC06671.jpg,,,à vérifier,,,,,,,Haut Atlas marocain / massif du Toubkal (localisation à vérifier),à vérifier,maroc-haut-atlas-toubkal-villages-berberes-et-rencontres-06671.jpg,"Villages berberes et rencontres — Maroc, Haut Atlas","Villages berberes et rencontres dans le massif du Toubkal, Haut Atlas marocain",Haut Atlas marocain — villages berberes et rencontres,"Photographie du voyage à ski dans le Haut Atlas marocain, secteur du massif du Toubkal : villages berberes et rencontres.",produite,,6000,4000,1142377,True,
DSC06675.jpg,,,à vérifier,,,,,,,Haut Atlas marocain / massif du Toubkal (localisation à vérifier),à vérifier,maroc-haut-atlas-toubkal-villages-berberes-et-rencontres-06675.jpg,"Villages berberes et rencontres — Maroc, Haut Atlas","Villages berberes et rencontres dans le massif du Toubkal, Haut Atlas marocain",Haut Atlas marocain — villages berberes et rencontres,"Photographie du voyage à ski dans le Haut Atlas marocain, secteur du massif du Toubkal : villages berberes et rencontres.",produite,,6000,4000,1088894,True,
DSC06685.jpg,,,à vérifier,,,,,,,Haut Atlas marocain / massif du Toubkal (localisation à vérifier),à vérifier,,,,,,écartée,fichier non exploitable ou définition/poids insuffisants,,,23181643,False,UnidentifiedImageError
DSC06721.jpg,,,à vérifier,,,,,,,Haut Atlas marocain / massif du Toubkal (localisation à vérifier),à vérifier,maroc-haut-atlas-toubkal-villages-berberes-et-rencontres-06721.jpg,"Villages berberes et rencontres — Maroc, Haut Atlas","Villages berberes et rencontres dans le massif du Toubkal, Haut Atlas marocain",Haut Atlas marocain — villages berberes et rencontres,"Photographie du voyage à ski dans le Haut Atlas marocain, secteur du massif du Toubkal : villages berberes et rencontres.",produite,,5582,3721,2610690,True,
DSC06817.jpg,,,à vérifier,,,,,,,Haut Atlas marocain / massif du Toubkal (localisation à vérifier),à vérifier,maroc-haut-atlas-toubkal-villages-berberes-et-rencontres-06817.jpg,"Villages berberes et rencontres — Maroc, Haut Atlas","Villages berberes et rencontres dans le massif du Toubkal, Haut Atlas marocain",Haut Atlas marocain — villages berberes et rencontres,"Photographie du voyage à ski dans le Haut Atlas marocain, secteur du massif du Toubkal : villages berberes et rencontres.",produite,,5475,3650,954966,True,
DSC06830.jpg,,,à vérifier,,,,,,,Haut Atlas marocain / massif du Toubkal (localisation à vérifier),à vérifier,maroc-haut-atlas-toubkal-villages-berberes-et-rencontres-06830.jpg,"Villages berberes et rencontres — Maroc, Haut Atlas","Villages berberes et rencontres dans le massif du Toubkal, Haut Atlas marocain",Haut Atlas marocain — villages berberes et rencontres,"Photographie du voyage à ski dans le Haut Atlas marocain, secteur du massif du Toubkal : villages berberes et rencontres.",produite,,3936,2624,1868079,True,
DSC06873.jpg,,,à vérifier,,,,,,,Haut Atlas marocain / massif du Toubkal (localisation à vérifier),à vérifier,maroc-haut-atlas-toubkal-villages-berberes-et-rencontres-06873.jpg,"Villages berberes et rencontres — Maroc, Haut Atlas","Villages berberes et rencontres dans le massif du Toubkal, Haut Atlas marocain",Haut Atlas marocain — villages berberes et rencontres,"Photographie du voyage à ski dans le Haut Atlas marocain, secteur du massif du Toubkal : villages berberes et rencontres.",produite,,5471,3647,3166695,True,
DSC06889.jpg,,,à vérifier,,,,,,,Haut Atlas marocain / massif du Toubkal (localisation à vérifier),à vérifier,maroc-haut-atlas-toubkal-villages-berberes-et-rencontres-06889.jpg,"Villages berberes et rencontres — Maroc, Haut Atlas","Villages berberes et rencontres dans le massif du Toubkal, Haut Atlas marocain",Haut Atlas marocain — villages berberes et rencontres,"Photographie du voyage à ski dans le Haut Atlas marocain, secteur du massif du Toubkal : villages berberes et rencontres.",produite,,6000,4000,3569664,True,
DSC06948.jpg,,,à vérifier,,,,,,,Haut Atlas marocain / massif du Toubkal (localisation à vérifier),à vérifier,maroc-haut-atlas-toubkal-groupe-a-ski-dans-la-vallee-06948.jpg,"Groupe a ski dans la vallee — Maroc, Haut Atlas","Groupe a ski dans la vallee dans le massif du Toubkal, Haut Atlas marocain",,"Photographie du voyage à ski dans le Haut Atlas marocain, secteur du massif du Toubkal : groupe a ski dans la vallee.",produite,,6000,4000,2194206,True,
DSC06957.jpg,,,à vérifier,,,,,,,Haut Atlas marocain / massif du Toubkal (localisation à vérifier),à vérifier,maroc-haut-atlas-toubkal-groupe-a-ski-dans-la-vallee-06957.jpg,"Groupe a ski dans la vallee — Maroc, Haut Atlas","Groupe a ski dans la vallee dans le massif du Toubkal, Haut Atlas marocain",,"Photographie du voyage à ski dans le Haut Atlas marocain, secteur du massif du Toubkal : groupe a ski dans la vallee.",produite,,6000,4000,1994752,True,
DSC06963.jpg,,,à vérifier,,,,,,,Haut Atlas marocain / massif du Toubkal (localisation à vérifier),à vérifier,maroc-haut-atlas-toubkal-groupe-a-ski-dans-la-vallee-06963.jpg,"Groupe a ski dans la vallee — Maroc, Haut Atlas","Groupe a ski dans la vallee dans le massif du Toubkal, Haut Atlas marocain",,"Photographie du voyage à ski dans le Haut Atlas marocain, secteur du massif du Toubkal : groupe a ski dans la vallee.",produite,,3936,2624,936661,True,
DSC06983.jpg,,,à vérifier,,,,,,,Haut Atlas marocain / massif du Toubkal (localisation à vérifier),à vérifier,maroc-haut-atlas-toubkal-groupe-a-ski-dans-la-vallee-06983.jpg,"Groupe a ski dans la vallee — Maroc, Haut Atlas","Groupe a ski dans la vallee dans le massif du Toubkal, Haut Atlas marocain",,"Photographie du voyage à ski dans le Haut Atlas marocain, secteur du massif du Toubkal : groupe a ski dans la vallee.",produite,,6000,4000,2262978,True,
DSC06990.jpg,,,à vérifier,,,,,,,Haut Atlas marocain / massif du Toubkal (localisation à vérifier),à vérifier,maroc-haut-atlas-toubkal-groupe-a-ski-dans-la-vallee-06990.jpg,"Groupe a ski dans la vallee — Maroc, Haut Atlas","Groupe a ski dans la vallee dans le massif du Toubkal, Haut Atlas marocain",,"Photographie du voyage à ski dans le Haut Atlas marocain, secteur du massif du Toubkal : groupe a ski dans la vallee.",produite,,6000,4000,2623787,True,
DSC06996.jpg,,,à vérifier,,,,,,,Haut Atlas marocain / massif du Toubkal (localisation à vérifier),à vérifier,maroc-haut-atlas-toubkal-groupe-a-ski-dans-la-vallee-06996.jpg,"Groupe a ski dans la vallee — Maroc, Haut Atlas","Groupe a ski dans la vallee dans le massif du Toubkal, Haut Atlas marocain",,"Photographie du voyage à ski dans le Haut Atlas marocain, secteur du massif du Toubkal : groupe a ski dans la vallee.",produite,,6000,4000,1967239,True,
DSC07019.jpg,,,à vérifier,,,,,,,Haut Atlas marocain / massif du Toubkal (localisation à vérifier),à vérifier,maroc-haut-atlas-toubkal-groupe-a-ski-dans-la-vallee-07019.jpg,"Groupe a ski dans la vallee — Maroc, Haut Atlas","Groupe a ski dans la vallee dans le massif du Toubkal, Haut Atlas marocain",,"Photographie du voyage à ski dans le Haut Atlas marocain, secteur du massif du Toubkal : groupe a ski dans la vallee.",produite,,6000,4000,2559371,True,
DSC07030.jpg,,,à vérifier,,,,,,,Haut Atlas marocain / massif du Toubkal (localisation à vérifier),à vérifier,maroc-haut-atlas-toubkal-groupe-a-ski-dans-la-vallee-07030.jpg,"Groupe a ski dans la vallee — Maroc, Haut Atlas","Groupe a ski dans la vallee dans le massif du Toubkal, Haut Atlas marocain",,"Photographie du voyage à ski dans le Haut Atlas marocain, secteur du massif du Toubkal : groupe a ski dans la vallee.",produite,,6000,4000,2217432,True,
DSC07044.jpg,,,à vérifier,,,,,,,Haut Atlas marocain / massif du Toubkal (localisation à vérifier),à vérifier,maroc-haut-atlas-toubkal-groupe-a-ski-dans-la-vallee-07044.jpg,"Groupe a ski dans la vallee — Maroc, Haut Atlas","Groupe a ski dans la vallee dans le massif du Toubkal, Haut Atlas marocain",,"Photographie du voyage à ski dans le Haut Atlas marocain, secteur du massif du Toubkal : groupe a ski dans la vallee.",produite,,6000,4000,418873,True,
DSC07058.jpg,,,à vérifier,,,,,,,Haut Atlas marocain / massif du Toubkal (localisation à vérifier),à vérifier,maroc-haut-atlas-toubkal-groupe-a-ski-dans-la-vallee-07058.jpg,"Groupe a ski dans la vallee — Maroc, Haut Atlas","Groupe a ski dans la vallee dans le massif du Toubkal, Haut Atlas marocain",,"Photographie du voyage à ski dans le Haut Atlas marocain, secteur du massif du Toubkal : groupe a ski dans la vallee.",produite,,6000,4000,599635,True,
DSC07066.jpg,,,à vérifier,,,,,,,Haut Atlas marocain / massif du Toubkal (localisation à vérifier),à vérifier,maroc-haut-atlas-toubkal-groupe-a-ski-dans-la-vallee-07066.jpg,"Groupe a ski dans la vallee — Maroc, Haut Atlas","Groupe a ski dans la vallee dans le massif du Toubkal, Haut Atlas marocain",,"Photographie du voyage à ski dans le Haut Atlas marocain, secteur du massif du Toubkal : groupe a ski dans la vallee.",produite,,3642,2428,509601,True,
DSC07076.jpg,,,à vérifier,,,,,,,Haut Atlas marocain / massif du Toubkal (localisation à vérifier),à vérifier,maroc-haut-atlas-toubkal-groupe-a-ski-dans-la-vallee-07076.jpg,"Groupe a ski dans la vallee — Maroc, Haut Atlas","Groupe a ski dans la vallee dans le massif du Toubkal, Haut Atlas marocain",,"Photographie du voyage à ski dans le Haut Atlas marocain, secteur du massif du Toubkal : groupe a ski dans la vallee.",produite,,3936,2624,535300,True,
DSC07080.jpg,,,à vérifier,,,,,,,Haut Atlas marocain / massif du Toubkal (localisation à vérifier),à vérifier,maroc-haut-atlas-toubkal-groupe-a-ski-dans-la-vallee-07080.jpg,"Groupe a ski dans la vallee — Maroc, Haut Atlas","Groupe a ski dans la vallee dans le massif du Toubkal, Haut Atlas marocain",,"Photographie du voyage à ski dans le Haut Atlas marocain, secteur du massif du Toubkal : groupe a ski dans la vallee.",produite,,3680,2453,744997,True,
DSC07097.jpg,,,à vérifier,,,,,,,Haut Atlas marocain / massif du Toubkal (localisation à vérifier),à vérifier,maroc-haut-atlas-toubkal-groupe-a-ski-dans-la-vallee-07097.jpg,"Groupe a ski dans la vallee — Maroc, Haut Atlas","Groupe a ski dans la vallee dans le massif du Toubkal, Haut Atlas marocain",,"Photographie du voyage à ski dans le Haut Atlas marocain, secteur du massif du Toubkal : groupe a ski dans la vallee.",produite,,6000,4000,448761,True,
DSC07103.jpg,,,à vérifier,,,,,,,Haut Atlas marocain / massif du Toubkal (localisation à vérifier),à vérifier,maroc-haut-atlas-toubkal-groupe-a-ski-dans-la-vallee-07103.jpg,"Groupe a ski dans la vallee — Maroc, Haut Atlas","Groupe a ski dans la vallee dans le massif du Toubkal, Haut Atlas marocain",,"Photographie du voyage à ski dans le Haut Atlas marocain, secteur du massif du Toubkal : groupe a ski dans la vallee.",produite,,6000,4000,5517312,True,
DSC07105.jpg,2026:01:21 21:00:41,+01:00,UTC+01:00 -> UTC-01:00,,9207,,,,2026-01-21,Haut Atlas marocain / massif du Toubkal (localisation à vérifier),à vérifier,maroc-haut-atlas-toubkal-groupe-a-ski-dans-la-vallee-07105.jpg,"Groupe a ski dans la vallee — Maroc, Haut Atlas","Groupe a ski dans la vallee dans le massif du Toubkal, Haut Atlas marocain",,"Photographie du voyage à ski dans le Haut Atlas marocain, secteur du massif du Toubkal : groupe a ski dans la vallee.",produite,,5242,3495,16837402,True,
DSC07137.jpg,2026:01:22 11:35:34,+01:00,UTC+01:00 -> UTC-01:00,2026-01-22T10:21:46+00:00,828,31.1574202,-7.8465606,2381,2026-01-22,"massif du Toubkal, Haut Atlas marocain",moyenne,maroc-haut-atlas-toubkal-groupe-a-ski-dans-la-vallee-07137.jpg,"Groupe a ski dans la vallee — Maroc, Haut Atlas","Groupe a ski dans la vallee dans le massif du Toubkal, Haut Atlas marocain",,"Photographie du voyage à ski dans le Haut Atlas marocain, secteur du massif du Toubkal : groupe a ski dans la vallee.",produite,,5381,3587,1177781,True,
DSC07274.jpg,2026:01:23 10:37:19,+01:00,UTC+01:00 -> UTC-01:00,2026-01-23T09:37:18+00:00,1,31.0877439,-7.9667443,2483,2026-01-23,"massif du Toubkal, Haut Atlas marocain",haute,maroc-haut-atlas-toubkal-montee-vers-les-hautes-pentes-07274.jpg,"Montee vers les hautes pentes — Maroc, Haut Atlas","Montee vers les hautes pentes dans le massif du Toubkal, Haut Atlas marocain",,"Photographie du voyage à ski dans le Haut Atlas marocain, secteur du massif du Toubkal : montee vers les hautes pentes.",produite,,6000,4000,12582912,True,
DSC07322.jpg,,,à vérifier,,,,,,,Haut Atlas marocain / massif du Toubkal (localisation à vérifier),à vérifier,maroc-haut-atlas-toubkal-montee-vers-les-hautes-pentes-07322.jpg,"Montee vers les hautes pentes — Maroc, Haut Atlas","Montee vers les hautes pentes dans le massif du Toubkal, Haut Atlas marocain",,"Photographie du voyage à ski dans le Haut Atlas marocain, secteur du massif du Toubkal : montee vers les hautes pentes.",produite,,6000,4000,11099050,True,
DSC07325.jpg,,,à vérifier,,,,,,,Haut Atlas marocain / massif du Toubkal (localisation à vérifier),à vérifier,,,,,,écartée,fichier non exploitable ou définition/poids insuffisants,5572,3715,45056,True,
DSC07332.jpg,,,à vérifier,,,,,,,Haut Atlas marocain / massif du Toubkal (localisation à vérifier),à vérifier,maroc-haut-atlas-toubkal-montee-vers-les-hautes-pentes-07332.jpg,"Montee vers les hautes pentes — Maroc, Haut Atlas","Montee vers les hautes pentes dans le massif du Toubkal, Haut Atlas marocain",,"Photographie du voyage à ski dans le Haut Atlas marocain, secteur du massif du Toubkal : montee vers les hautes pentes.",produite,,4000,6000,10629692,True,
DSC07340.jpg,,,à vérifier,,,,,,,Haut Atlas marocain / massif du Toubkal (localisation à vérifier),à vérifier,maroc-haut-atlas-toubkal-montee-vers-les-hautes-pentes-07340.jpg,"Montee vers les hautes pentes — Maroc, Haut Atlas","Montee vers les hautes pentes dans le massif du Toubkal, Haut Atlas marocain",,"Photographie du voyage à ski dans le Haut Atlas marocain, secteur du massif du Toubkal : montee vers les hautes pentes.",produite,,6000,4000,1646592,True,
DSC07348.jpg,,,à vérifier,,,,,,,Haut Atlas marocain / massif du Toubkal (localisation à vérifier),à vérifier,maroc-haut-atlas-toubkal-montee-vers-les-hautes-pentes-07348.jpg,"Montee vers les hautes pentes — Maroc, Haut Atlas","Montee vers les hautes pentes dans le massif du Toubkal, Haut Atlas marocain",,"Photographie du voyage à ski dans le Haut Atlas marocain, secteur du massif du Toubkal : montee vers les hautes pentes.",produite,,5007,3338,7340032,True,
DSC07365.jpg,2026:01:23 11:44:39,+01:00,UTC+01:00 -> UTC-01:00,2026-01-23T10:44:35+00:00,4,31.0777002,-7.9635165,2887,2026-01-23,"massif du Toubkal, Haut Atlas marocain",haute,maroc-haut-atlas-toubkal-montee-vers-les-hautes-pentes-07365.jpg,"Montee vers les hautes pentes — Maroc, Haut Atlas","Montee vers les hautes pentes dans le massif du Toubkal, Haut Atlas marocain",,"Photographie du voyage à ski dans le Haut Atlas marocain, secteur du massif du Toubkal : montee vers les hautes pentes.",produite,,6000,4000,11237401,True,
DSC07380.jpg,2026:01:23 12:00:38,+01:00,UTC+01:00 -> UTC-01:00,2026-01-23T11:00:33+00:00,5,31.0765204,-7.9632737,2931,2026-01-23,"massif du Toubkal, Haut Atlas marocain",haute,maroc-haut-atlas-toubkal-montee-vers-les-hautes-pentes-07380.jpg,"Montee vers les hautes pentes — Maroc, Haut Atlas","Montee vers les hautes pentes dans le massif du Toubkal, Haut Atlas marocain",,"Photographie du voyage à ski dans le Haut Atlas marocain, secteur du massif du Toubkal : montee vers les hautes pentes.",produite,,6000,4000,13327290,True,
DSC07411.jpg,,,à vérifier,,,,,,,Haut Atlas marocain / massif du Toubkal (localisation à vérifier),à vérifier,maroc-haut-atlas-toubkal-montee-vers-les-hautes-pentes-07411.jpg,"Montee vers les hautes pentes — Maroc, Haut Atlas","Montee vers les hautes pentes dans le massif du Toubkal, Haut Atlas marocain",,"Photographie du voyage à ski dans le Haut Atlas marocain, secteur du massif du Toubkal : montee vers les hautes pentes.",produite,,5961,3974,1370409,True,
DSC07413.jpg,,,à vérifier,,,,,,,Haut Atlas marocain / massif du Toubkal (localisation à vérifier),à vérifier,maroc-haut-atlas-toubkal-montee-vers-les-hautes-pentes-07413.jpg,"Montee vers les hautes pentes — Maroc, Haut Atlas","Montee vers les hautes pentes dans le massif du Toubkal, Haut Atlas marocain",,"Photographie du voyage à ski dans le Haut Atlas marocain, secteur du massif du Toubkal : montee vers les hautes pentes.",produite,,5824,3883,1375849,True,
DSC07419.jpg,,,à vérifier,,,,,,,Haut Atlas marocain / massif du Toubkal (localisation à vérifier),à vérifier,maroc-haut-atlas-toubkal-montee-vers-les-hautes-pentes-07419.jpg,"Montee vers les hautes pentes — Maroc, Haut Atlas","Montee vers les hautes pentes dans le massif du Toubkal, Haut Atlas marocain",,"Photographie du voyage à ski dans le Haut Atlas marocain, secteur du massif du Toubkal : montee vers les hautes pentes.",produite,,6000,4000,1420285,True,
DSC07424-2.jpg,,,à vérifier,,,,,,,Haut Atlas marocain / massif du Toubkal (localisation à vérifier),à vérifier,,,,,,écartée,fichier non exploitable ou définition/poids insuffisants,6000,4000,94208,True,
DSC07424.jpg,,,à vérifier,,,,,,,Haut Atlas marocain / massif du Toubkal (localisation à vérifier),à vérifier,maroc-haut-atlas-toubkal-montee-vers-les-hautes-pentes-07424.jpg,"Montee vers les hautes pentes — Maroc, Haut Atlas","Montee vers les hautes pentes dans le massif du Toubkal, Haut Atlas marocain",,"Photographie du voyage à ski dans le Haut Atlas marocain, secteur du massif du Toubkal : montee vers les hautes pentes.",produite,,6000,4000,7340032,True,
DSC07469.jpg,,,à vérifier,,,,,,,Haut Atlas marocain / massif du Toubkal (localisation à vérifier),à vérifier,,,,,,écartée,fichier non exploitable ou définition/poids insuffisants,6000,4000,8192,True,
DSC07473.jpg,,,à vérifier,,,,,,,Haut Atlas marocain / massif du Toubkal (localisation à vérifier),à vérifier,maroc-haut-atlas-toubkal-montee-vers-les-hautes-pentes-07473.jpg,"Montee vers les hautes pentes — Maroc, Haut Atlas","Montee vers les hautes pentes dans le massif du Toubkal, Haut Atlas marocain",,"Photographie du voyage à ski dans le Haut Atlas marocain, secteur du massif du Toubkal : montee vers les hautes pentes.",produite,,6000,4000,666357,True,
DSC07491.jpg,2026:01:23 13:56:51,+01:00,UTC+01:00 -> UTC-01:00,2026-01-23T12:56:46+00:00,5,31.0665311,-7.9571439,3457,2026-01-23,"massif du Toubkal, Haut Atlas marocain",haute,maroc-haut-atlas-toubkal-montee-vers-les-hautes-pentes-07491.jpg,"Montee vers les hautes pentes — Maroc, Haut Atlas","Montee vers les hautes pentes dans le massif du Toubkal, Haut Atlas marocain",,"Photographie du voyage à ski dans le Haut Atlas marocain, secteur du massif du Toubkal : montee vers les hautes pentes.",produite,,6000,4000,15095545,True,
DSC07508.jpg,,,à vérifier,,,,,,,Haut Atlas marocain / massif du Toubkal (localisation à vérifier),à vérifier,,,,,,écartée,fichier non exploitable ou définition/poids insuffisants,5732,3821,16384,True,
DSC07521.jpg,,,à vérifier,,,,,,,Haut Atlas marocain / massif du Toubkal (localisation à vérifier),à vérifier,maroc-haut-atlas-toubkal-traversee-a-ski-et-meteo-montagne-07521.jpg,"Traversee a ski et meteo montagne — Maroc, Haut Atlas","Traversee a ski et meteo montagne dans le massif du Toubkal, Haut Atlas marocain",,"Photographie du voyage à ski dans le Haut Atlas marocain, secteur du massif du Toubkal : traversee a ski et meteo montagne.",produite,,6000,4000,1044480,True,
DSC07534.jpg,,,à vérifier,,,,,,,Haut Atlas marocain / massif du Toubkal (localisation à vérifier),à vérifier,maroc-haut-atlas-toubkal-traversee-a-ski-et-meteo-montagne-07534.jpg,"Traversee a ski et meteo montagne — Maroc, Haut Atlas","Traversee a ski et meteo montagne dans le massif du Toubkal, Haut Atlas marocain",,"Photographie du voyage à ski dans le Haut Atlas marocain, secteur du massif du Toubkal : traversee a ski et meteo montagne.",produite,,6000,4000,988894,True,
DSC07556.jpg,,,à vérifier,,,,,,,Haut Atlas marocain / massif du Toubkal (localisation à vérifier),à vérifier,maroc-haut-atlas-toubkal-traversee-a-ski-et-meteo-montagne-07556.jpg,"Traversee a ski et meteo montagne — Maroc, Haut Atlas","Traversee a ski et meteo montagne dans le massif du Toubkal, Haut Atlas marocain",,"Photographie du voyage à ski dans le Haut Atlas marocain, secteur du massif du Toubkal : traversee a ski et meteo montagne.",produite,,6000,4000,416772,True,
DSC07563.jpg,,,à vérifier,,,,,,,Haut Atlas marocain / massif du Toubkal (localisation à vérifier),à vérifier,maroc-haut-atlas-toubkal-traversee-a-ski-et-meteo-montagne-07563.jpg,"Traversee a ski et meteo montagne — Maroc, Haut Atlas","Traversee a ski et meteo montagne dans le massif du Toubkal, Haut Atlas marocain",,"Photographie du voyage à ski dans le Haut Atlas marocain, secteur du massif du Toubkal : traversee a ski et meteo montagne.",produite,,6000,4000,533572,True,
DSC07569.jpg,,,à vérifier,,,,,,,Haut Atlas marocain / massif du Toubkal (localisation à vérifier),à vérifier,maroc-haut-atlas-toubkal-traversee-a-ski-et-meteo-montagne-07569.jpg,"Traversee a ski et meteo montagne — Maroc, Haut Atlas","Traversee a ski et meteo montagne dans le massif du Toubkal, Haut Atlas marocain",,"Photographie du voyage à ski dans le Haut Atlas marocain, secteur du massif du Toubkal : traversee a ski et meteo montagne.",produite,,5991,3994,408224,True,
DSC07578.jpg,,,à vérifier,,,,,,,Haut Atlas marocain / massif du Toubkal (localisation à vérifier),à vérifier,maroc-haut-atlas-toubkal-traversee-a-ski-et-meteo-montagne-07578.jpg,"Traversee a ski et meteo montagne — Maroc, Haut Atlas","Traversee a ski et meteo montagne dans le massif du Toubkal, Haut Atlas marocain",,"Photographie du voyage à ski dans le Haut Atlas marocain, secteur du massif du Toubkal : traversee a ski et meteo montagne.",produite,,6000,4000,813933,True,
DSC07601.jpg,2026:01:23 17:56:43,+01:00,UTC+01:00 -> UTC-01:00,2026-01-23T16:56:42+00:00,1,31.07313,-8.0165834,2248,2026-01-23,"massif du Toubkal, Haut Atlas marocain",haute,maroc-haut-atlas-toubkal-traversee-a-ski-et-meteo-montagne-07601.jpg,"Traversee a ski et meteo montagne — Maroc, Haut Atlas","Traversee a ski et meteo montagne dans le massif du Toubkal, Haut Atlas marocain",,"Photographie du voyage à ski dans le Haut Atlas marocain, secteur du massif du Toubkal : traversee a ski et meteo montagne.",produite,,6000,4000,12756474,True,
DSC07607.jpg,2026:01:23 18:01:12,+01:00,UTC+01:00 -> UTC-01:00,2026-01-23T17:01:12+00:00,0,31.07389,-8.0172229,2211,2026-01-23,"massif du Toubkal, Haut Atlas marocain",haute,maroc-haut-atlas-toubkal-traversee-a-ski-et-meteo-montagne-07607.jpg,"Traversee a ski et meteo montagne — Maroc, Haut Atlas","Traversee a ski et meteo montagne dans le massif du Toubkal, Haut Atlas marocain",,"Photographie du voyage à ski dans le Haut Atlas marocain, secteur du massif du Toubkal : traversee a ski et meteo montagne.",produite,,6000,4000,18967767,True,
DSC07619.jpg,2026:01:23 18:02:29,+01:00,UTC+01:00 -> UTC-01:00,2026-01-23T17:02:25+00:00,4,31.0740322,-8.0175411,2204,2026-01-23,"massif du Toubkal, Haut Atlas marocain",haute,maroc-haut-atlas-toubkal-traversee-a-ski-et-meteo-montagne-07619.jpg,"Traversee a ski et meteo montagne — Maroc, Haut Atlas","Traversee a ski et meteo montagne dans le massif du Toubkal, Haut Atlas marocain",,"Photographie du voyage à ski dans le Haut Atlas marocain, secteur du massif du Toubkal : traversee a ski et meteo montagne.",produite,,6000,4000,14667776,True,
DSC07649.jpg,2026:01:23 18:20:28,+01:00,UTC+01:00 -> UTC-01:00,2026-01-23T17:20:30+00:00,2,31.0730644,-8.0255727,2115,2026-01-23,"massif du Toubkal, Haut Atlas marocain",haute,maroc-haut-atlas-toubkal-traversee-a-ski-et-meteo-montagne-07649.jpg,"Traversee a ski et meteo montagne — Maroc, Haut Atlas","Traversee a ski et meteo montagne dans le massif du Toubkal, Haut Atlas marocain",,"Photographie du voyage à ski dans le Haut Atlas marocain, secteur du massif du Toubkal : traversee a ski et meteo montagne.",produite,,6000,4000,11530240,True,
DSC07665.jpg,2026:01:23 18:35:04,+01:00,UTC+01:00 -> UTC-01:00,2026-01-23T17:35:04+00:00,0,31.0703417,-8.0301195,2010,2026-01-23,"massif du Toubkal, Haut Atlas marocain",haute,maroc-haut-atlas-toubkal-traversee-a-ski-et-meteo-montagne-07665.jpg,"Traversee a ski et meteo montagne — Maroc, Haut Atlas","Traversee a ski et meteo montagne dans le massif du Toubkal, Haut Atlas marocain",,"Photographie du voyage à ski dans le Haut Atlas marocain, secteur du massif du Toubkal : traversee a ski et meteo montagne.",produite,,6000,4000,15667200,True,
DSC07696.jpg,,,à vérifier,,,,,,,Haut Atlas marocain / massif du Toubkal (localisation à vérifier),à vérifier,,,,,,écartée,fichier non exploitable ou définition/poids insuffisants,,,23813349,False,UnidentifiedImageError
DSC07713.jpg,,,à vérifier,,,,,,,Haut Atlas marocain / massif du Toubkal (localisation à vérifier),à vérifier,,,,,,écartée,fichier non exploitable ou définition/poids insuffisants,,,23872752,False,UnidentifiedImageError
DSC07788.jpg,2026:01:23 20:30:29,+01:00,UTC+01:00 -> UTC-01:00,,3781,,,,2026-01-23,Haut Atlas marocain / massif du Toubkal (localisation à vérifier),à vérifier,maroc-haut-atlas-toubkal-retour-de-traversee-et-ambiance-du-groupe-07788.jpg,"Retour de traversee et ambiance du groupe — Maroc, Haut Atlas","Retour de traversee et ambiance du groupe dans le massif du Toubkal, Haut Atlas marocain",,"Photographie du voyage à ski dans le Haut Atlas marocain, secteur du massif du Toubkal : retour de traversee et ambiance du groupe.",produite,,5549,3699,18746641,True,
DSC07802.jpg,2026:01:23 20:31:03,+01:00,UTC+01:00 -> UTC-01:00,,3815,,,,2026-01-23,Haut Atlas marocain / massif du Toubkal (localisation à vérifier),à vérifier,maroc-haut-atlas-toubkal-retour-de-traversee-et-ambiance-du-groupe-07802.jpg,"Retour de traversee et ambiance du groupe — Maroc, Haut Atlas","Retour de traversee et ambiance du groupe dans le massif du Toubkal, Haut Atlas marocain",,"Photographie du voyage à ski dans le Haut Atlas marocain, secteur du massif du Toubkal : retour de traversee et ambiance du groupe.",produite,,5396,3597,13631488,True,
DSC07852.jpg,2026:01:24 09:37:52,+01:00,UTC+01:00 -> UTC-01:00,,51024,,,,2026-01-24,Haut Atlas marocain / massif du Toubkal (localisation à vérifier),à vérifier,maroc-haut-atlas-toubkal-route-hivernale-et-vie-locale-07852.jpg,"Route hivernale et vie locale — Maroc, Haut Atlas","Route hivernale et vie locale dans le massif du Toubkal, Haut Atlas marocain",,"Photographie du voyage à ski dans le Haut Atlas marocain, secteur du massif du Toubkal : route hivernale et vie locale.",produite,,6000,4000,23967687,True,
DSC07875.jpg,2026:01:24 09:41:13,+01:00,UTC+01:00 -> UTC-01:00,,51225,,,,2026-01-24,Haut Atlas marocain / massif du Toubkal (localisation à vérifier),à vérifier,maroc-haut-atlas-toubkal-route-hivernale-et-vie-locale-07875.jpg,"Route hivernale et vie locale — Maroc, Haut Atlas","Route hivernale et vie locale dans le massif du Toubkal, Haut Atlas marocain",,"Photographie du voyage à ski dans le Haut Atlas marocain, secteur du massif du Toubkal : route hivernale et vie locale.",produite,,4706,3137,10764960,True,
DSC07916.jpg,2026:01:24 11:15:08,+01:00,UTC+01:00 -> UTC-01:00,,56860,,,,2026-01-24,Haut Atlas marocain / massif du Toubkal (localisation à vérifier),à vérifier,maroc-haut-atlas-toubkal-route-hivernale-et-vie-locale-07916.jpg,"Route hivernale et vie locale — Maroc, Haut Atlas","Route hivernale et vie locale dans le massif du Toubkal, Haut Atlas marocain",,"Photographie du voyage à ski dans le Haut Atlas marocain, secteur du massif du Toubkal : route hivernale et vie locale.",produite,,5727,3818,14433417,True,
DSC07919.jpg,2026:01:24 11:19:43,+01:00,UTC+01:00 -> UTC-01:00,,57135,,,,2026-01-24,Haut Atlas marocain / massif du Toubkal (localisation à vérifier),à vérifier,maroc-haut-atlas-toubkal-route-hivernale-et-vie-locale-07919.jpg,"Route hivernale et vie locale — Maroc, Haut Atlas","Route hivernale et vie locale dans le massif du Toubkal, Haut Atlas marocain",,"Photographie du voyage à ski dans le Haut Atlas marocain, secteur du massif du Toubkal : route hivernale et vie locale.",produite,,6000,4000,8507236,True,
DSC07926.jpg,,,à vérifier,,,,,,,Haut Atlas marocain / massif du Toubkal (localisation à vérifier),à vérifier,,,,,,écartée,fichier non exploitable ou définition/poids insuffisants,,,0,False,UnidentifiedImageError
