fichier_retouche,id_drive_source,DateTimeOriginal,timestamp_GPX,ecart_s,latitude,longitude,altitude_m,toponyme_secteur,fichier_SEO,titre,texte_ALT,legende,description,confiance
DSC09428 (2026-03-02T05_34_29.974).jpg,163VnVt5XWXnptBxaFcrMT5-csViaGMnJ,2026:02:20 10:27:50 +01:00,2026-02-22T07:20:51Z,165181,39.448492,21.227715,1033,Tzoumerka — secteur Theodoriana,tzoumerka-secteur-theodoriana-arrivee-devant-un-cafe-grece-01.jpg,Arrivee devant un cafe — Tzoumerka — secteur Theodoriana,"Arrivee devant un cafe, tzoumerka — secteur theodoriana, lors d’une itinérance à ski en Grèce.",Arrivee devant un cafe dans les montagnes du tzoumerka — secteur theodoriana.,"Itinérance à ski en Grèce : arrivee devant un cafe, dans le secteur tzoumerka — secteur theodoriana.",moyenne
DSC09514 (2026-03-02T05_34_31.269).jpg,17Cmd3krrkteev93MTAicXzS4nyC5mFD3,2026:02:21 12:51:19 +01:00,2026-02-22T07:20:51Z,70172,39.448492,21.227715,1033,Tzoumerka — secteur Theodoriana,tzoumerka-secteur-theodoriana-ferry-et-avion-au-port-grece-02.jpg,Ferry et avion au port — Tzoumerka — secteur Theodoriana,"Ferry et avion au port, tzoumerka — secteur theodoriana, lors d’une itinérance à ski en Grèce.",Ferry et avion au port dans les montagnes du tzoumerka — secteur theodoriana.,"Itinérance à ski en Grèce : ferry et avion au port, dans le secteur tzoumerka — secteur theodoriana.",moyenne
DSC09544 (2026-03-02T05_34_54.295).jpg,1A6BkYM-XytWJ3dLicW-CRHAz79EuwX5p,2026:02:22 06:14:09 +01:00,2026-02-22T07:20:51Z,7602,39.448492,21.227715,1033,Tzoumerka — secteur Theodoriana,tzoumerka-secteur-theodoriana-portrait-dans-une-epicerie-grece-03.jpg,Portrait dans une epicerie — Tzoumerka — secteur Theodoriana,"Portrait dans une epicerie, tzoumerka — secteur theodoriana, lors d’une itinérance à ski en Grèce.",Portrait dans une epicerie dans les montagnes du tzoumerka — secteur theodoriana.,"Itinérance à ski en Grèce : portrait dans une epicerie, dans le secteur tzoumerka — secteur theodoriana.",moyenne
DSC09567 (2026-03-02T05_34_36.844).jpg,1j8_oHdLY6lOR6ba_BzCjaiYWgfXHINW7,2026:02:22 06:29:49 +01:00,2026-02-22T07:20:51Z,6662,39.448492,21.227715,1033,Tzoumerka — secteur Theodoriana,tzoumerka-secteur-theodoriana-portrait-au-refuge-grece-04.jpg,Portrait au refuge — Tzoumerka — secteur Theodoriana,"Portrait au refuge, tzoumerka — secteur theodoriana, lors d’une itinérance à ski en Grèce.",Portrait au refuge dans les montagnes du tzoumerka — secteur theodoriana.,"Itinérance à ski en Grèce : portrait au refuge, dans le secteur tzoumerka — secteur theodoriana.",moyenne
DSC09610 (2026-03-02T05_34_52.735).jpg,10C-RUNv_4omvCEWdjBQ16pqFZ4xuC1JL,2026:02:22 09:07:08 +01:00,2026-02-22T08:07:07Z,1,39.460944,21.215173,1318,Tzoumerka — secteur Theodoriana,tzoumerka-secteur-theodoriana-depart-a-pied-en-foret-grece-05.jpg,Depart a pied en foret — Tzoumerka — secteur Theodoriana,"Depart a pied en foret, tzoumerka — secteur theodoriana, lors d’une itinérance à ski en Grèce.",Depart a pied en foret dans les montagnes du tzoumerka — secteur theodoriana.,"Itinérance à ski en Grèce : depart a pied en foret, dans le secteur tzoumerka — secteur theodoriana.",forte
DSC09763 (2026-03-02T05_34_41.745).jpg,1d3nZzoaS6vjiORqOjx9gvi3KdCjF9mIq,2026:02:22 13:15:42 +01:00,2026-02-22T12:15:50Z,8,39.524055,21.180207,1880,Tzoumerka — secteur Theodoriana,tzoumerka-secteur-theodoriana-traversee-a-ski-sur-neige-grece-06.jpg,Traversee a ski sur neige — Tzoumerka — secteur Theodoriana,"Traversee a ski sur neige, tzoumerka — secteur theodoriana, lors d’une itinérance à ski en Grèce.",Traversee a ski sur neige dans les montagnes du tzoumerka — secteur theodoriana.,"Itinérance à ski en Grèce : traversee a ski sur neige, dans le secteur tzoumerka — secteur theodoriana.",forte
DSC09791 (1).jpg,1rHM54Yeoz4nLLdNitYcUn52JN5LMMG0w,2026:02:22 13:22:48 +01:00,2026-02-22T12:22:47Z,1,39.530165,21.181437,1715,Tzoumerka — secteur Theodoriana,tzoumerka-secteur-theodoriana-pentes-de-poudreuse-sous-les-cretes-grece-07.jpg,Pentes de poudreuse sous les cretes — Tzoumerka — secteur Theodoriana,"Pentes de poudreuse sous les cretes, tzoumerka — secteur theodoriana, lors d’une itinérance à ski en Grèce.",Pentes de poudreuse sous les cretes dans les montagnes du tzoumerka — secteur theodoriana.,"Itinérance à ski en Grèce : pentes de poudreuse sous les cretes, dans le secteur tzoumerka — secteur theodoriana.",forte
DSC01250 (1) (2026-05-16T13_41_00.623).jpg,1QR-e_NzH920rU--7XJ0AcWIv4zhnS2LP,2026:02:25 17:32:09 +01:00,2026-02-25T16:32:13Z,4,39.931681,21.097332,1993,Pinde — Périvoli et Vasilitsa,pinde-perivoli-vasilitsa-pin-isole-au-coucher-du-soleil-grece-08.jpg,Pin isole au coucher du soleil — Pinde — Périvoli et Vasilitsa,"Pin isole au coucher du soleil, pinde — périvoli et vasilitsa, lors d’une itinérance à ski en Grèce.",Pin isole au coucher du soleil dans les montagnes du pinde — périvoli et vasilitsa.,"Itinérance à ski en Grèce : pin isole au coucher du soleil, dans le secteur pinde — périvoli et vasilitsa.",forte
DSC01721 (1) (2026-05-16T13_40_58.561).jpg,11y8E67vS0SAwuidmRShte9udssN6MLzd,2026:02:28 10:38:55 +01:00,2026-02-28T09:38:54Z,1,40.085347,20.938019,2523,Pinde — Smolikas et Pades,pinde-smolikas-pades-sommet-enneige-grece-09.jpg,Sommet enneige — Pinde — Smolikas et Pades,"Sommet enneige, pinde — smolikas et pades, lors d’une itinérance à ski en Grèce.",Sommet enneige dans les montagnes du pinde — smolikas et pades.,"Itinérance à ski en Grèce : sommet enneige, dans le secteur pinde — smolikas et pades.",forte
DSC00268 (1) (2026-05-16T13_40_56.496).jpg,1X2PcVNwJXoLeU-gPfzSy2s2cSpr7Sdeo,2026:02:23 08:30:53 +01:00,2026-02-23T07:31:01Z,8,39.584409,21.123734,1156,Tzoumerka — vallée de Matsouki,tzoumerka-vallee-de-matsouki-clocher-de-pierre-grece-10.jpg,Clocher de pierre — Tzoumerka — vallée de Matsouki,"Clocher de pierre, tzoumerka — vallée de matsouki, lors d’une itinérance à ski en Grèce.",Clocher de pierre dans les montagnes du tzoumerka — vallée de matsouki.,"Itinérance à ski en Grèce : clocher de pierre, dans le secteur tzoumerka — vallée de matsouki.",forte
DSC09874 (1) (2026-05-16T13_40_51.487).jpg,12z7Zv-MzJyTM-pqY7A1rNfXkUQHi7GdN,2026:02:22 14:41:22 +01:00,2026-02-22T13:41:20Z,2,39.561973,21.169645,1231,Tzoumerka — secteur Theodoriana,tzoumerka-secteur-theodoriana-village-de-montagne-grece-11.jpg,Village de montagne — Tzoumerka — secteur Theodoriana,"Village de montagne, tzoumerka — secteur theodoriana, lors d’une itinérance à ski en Grèce.",Village de montagne dans les montagnes du tzoumerka — secteur theodoriana.,"Itinérance à ski en Grèce : village de montagne, dans le secteur tzoumerka — secteur theodoriana.",forte
DSC09957 (1).jpg,1p_gTVlTvaimdnQHlmP1NO5PIM9AlSTih,2026:02:22 15:47:11 +01:00,2026-02-22T14:47:10Z,1,39.566404,21.152587,957,Tzoumerka — secteur Theodoriana,tzoumerka-secteur-theodoriana-passage-sur-escalier-de-pierre-grece-12.jpg,Passage sur escalier de pierre — Tzoumerka — secteur Theodoriana,"Passage sur escalier de pierre, tzoumerka — secteur theodoriana, lors d’une itinérance à ski en Grèce.",Passage sur escalier de pierre dans les montagnes du tzoumerka — secteur theodoriana.,"Itinérance à ski en Grèce : passage sur escalier de pierre, dans le secteur tzoumerka — secteur theodoriana.",forte
DSC09890 (1).jpg,1EhqDLuzUugRPD3AfM88aSj0bOShYxVgB,2026:02:22 15:12:21 +01:00,2026-02-22T14:12:24Z,3,39.566718,21.161892,1052,Tzoumerka — secteur Theodoriana,tzoumerka-secteur-theodoriana-eglise-de-village-grece-13.jpg,Eglise de village — Tzoumerka — secteur Theodoriana,"Eglise de village, tzoumerka — secteur theodoriana, lors d’une itinérance à ski en Grèce.",Eglise de village dans les montagnes du tzoumerka — secteur theodoriana.,"Itinérance à ski en Grèce : eglise de village, dans le secteur tzoumerka — secteur theodoriana.",forte
DSC01563 (1).jpg,1ECJS9MvR5s_FeRO2gSU1kIDjuGU9yRm7,2026:02:27 19:54:26 +01:00,2026-02-27T15:14:32Z,13194,40.103370,21.022315,1401,Pinde — Smolikas et Pades,pinde-smolikas-pades-cuisinier-au-refuge-grece-14.jpg,Cuisinier au refuge — Pinde — Smolikas et Pades,"Cuisinier au refuge, pinde — smolikas et pades, lors d’une itinérance à ski en Grèce.",Cuisinier au refuge dans les montagnes du pinde — smolikas et pades.,"Itinérance à ski en Grèce : cuisinier au refuge, dans le secteur pinde — smolikas et pades.",moyenne
DSC01528 (2).jpg,1HJeD1dLo04ZjCS0Cop0aewY6P0ZzlFqt,2026:02:27 14:36:32 +01:00,2026-02-27T13:36:30Z,2,40.074207,21.028061,1186,Pinde — Smolikas et Pades,pinde-smolikas-pades-pin-montagnard-grece-15.jpg,Pin montagnard — Pinde — Smolikas et Pades,"Pin montagnard, pinde — smolikas et pades, lors d’une itinérance à ski en Grèce.",Pin montagnard dans les montagnes du pinde — smolikas et pades.,"Itinérance à ski en Grèce : pin montagnard, dans le secteur pinde — smolikas et pades.",forte
DSC01425 (1).jpg,1B5e7j84pXHHD3Ev1PG48qYbwe-CAC5Hi,2026:02:26 17:23:52 +01:00,2026-02-26T15:38:53Z,2699,40.063964,21.079554,1838,Pinde — Vasilitsa et Samarina,pinde-vasilitsa-samarina-interieur-de-cabane-grece-16.jpg,Interieur de cabane — Pinde — Vasilitsa et Samarina,"Interieur de cabane, pinde — vasilitsa et samarina, lors d’une itinérance à ski en Grèce.",Interieur de cabane dans les montagnes du pinde — vasilitsa et samarina.,"Itinérance à ski en Grèce : interieur de cabane, dans le secteur pinde — vasilitsa et samarina.",moyenne
DSC01096 (1).jpg,1F0F2UlcWVuT42avvsFUwtN81TnfdSmXh,2026:02:25 12:34:16 +01:00,2026-02-25T11:34:19Z,3,39.873878,21.173958,1957,Pinde — Périvoli et Vasilitsa,pinde-perivoli-vasilitsa-ski-en-foret-de-pins-grece-17.jpg,Ski en foret de pins — Pinde — Périvoli et Vasilitsa,"Ski en foret de pins, pinde — périvoli et vasilitsa, lors d’une itinérance à ski en Grèce.",Ski en foret de pins dans les montagnes du pinde — périvoli et vasilitsa.,"Itinérance à ski en Grèce : ski en foret de pins, dans le secteur pinde — périvoli et vasilitsa.",forte
DSC01146 (2).jpg,1ZADIGU2yr9Rgfw1E1KoiYYlrzFwaxag9,2026:02:25 13:43:04 +01:00,2026-02-25T12:43:00Z,4,39.899872,21.164070,1889,Pinde — Périvoli et Vasilitsa,pinde-perivoli-vasilitsa-skis-face-au-paysage-grece-18.jpg,Skis face au paysage — Pinde — Périvoli et Vasilitsa,"Skis face au paysage, pinde — périvoli et vasilitsa, lors d’une itinérance à ski en Grèce.",Skis face au paysage dans les montagnes du pinde — périvoli et vasilitsa.,"Itinérance à ski en Grèce : skis face au paysage, dans le secteur pinde — périvoli et vasilitsa.",forte
DSC00958 (1).jpg,1J0BJBaTVPBtXzdJsxsF78Wp7tQjNjtq4,2026:02:25 10:37:16 +01:00,2026-02-25T09:37:06Z,10,39.846357,21.178698,1910,Pinde — Périvoli et Vasilitsa,pinde-perivoli-vasilitsa-pause-en-montagne-grece-19.jpg,Pause en montagne — Pinde — Périvoli et Vasilitsa,"Pause en montagne, pinde — périvoli et vasilitsa, lors d’une itinérance à ski en Grèce.",Pause en montagne dans les montagnes du pinde — périvoli et vasilitsa.,"Itinérance à ski en Grèce : pause en montagne, dans le secteur pinde — périvoli et vasilitsa.",forte
DSC00586 (1).jpg,1qdvoJ_WtSny3i-oNS8XyRL5LqgN7cmbg,2026:02:23 18:51:55 +01:00,2026-02-23T16:52:01Z,3594,39.682658,21.190687,1145,Tzoumerka — vallée de Matsouki,tzoumerka-vallee-de-matsouki-diner-en-refuge-grece-20.jpg,Diner en refuge — Tzoumerka — vallée de Matsouki,"Diner en refuge, tzoumerka — vallée de matsouki, lors d’une itinérance à ski en Grèce.",Diner en refuge dans les montagnes du tzoumerka — vallée de matsouki.,"Itinérance à ski en Grèce : diner en refuge, dans le secteur tzoumerka — vallée de matsouki.",moyenne
DSC00763 (1).jpg,19IrYK9axfK4nNZbhe8zUJe65g0loFQ_a,2026:02:24 13:02:48 +01:00,2026-02-24T12:02:49Z,1,39.672356,21.118324,2050,Tzoumerka — vallée de Matsouki,tzoumerka-vallee-de-matsouki-grande-pente-de-neige-grece-21.jpg,Grande pente de neige — Tzoumerka — vallée de Matsouki,"Grande pente de neige, tzoumerka — vallée de matsouki, lors d’une itinérance à ski en Grèce.",Grande pente de neige dans les montagnes du tzoumerka — vallée de matsouki.,"Itinérance à ski en Grèce : grande pente de neige, dans le secteur tzoumerka — vallée de matsouki.",forte
DSC01045 (1).jpg,1jzKi9ZulFLE5qfHj_uCm7hVjP_5OiBiu,2026:02:25 11:51:39 +01:00,2026-02-25T10:51:42Z,3,39.864225,21.169307,1901,Pinde — Périvoli et Vasilitsa,pinde-perivoli-vasilitsa-virage-sous-les-pins-grece-22.jpg,Virage sous les pins — Pinde — Périvoli et Vasilitsa,"Virage sous les pins, pinde — périvoli et vasilitsa, lors d’une itinérance à ski en Grèce.",Virage sous les pins dans les montagnes du pinde — périvoli et vasilitsa.,"Itinérance à ski en Grèce : virage sous les pins, dans le secteur pinde — périvoli et vasilitsa.",forte
DSC01188 (1).jpg,1NbNOQHM4JpZ7uEu1tlKXYdzXcspUIwWp,2026:02:25 15:04:03 +01:00,2026-02-25T14:04:02Z,1,39.928737,21.149334,1846,Pinde — Périvoli et Vasilitsa,pinde-perivoli-vasilitsa-pins-tortures-dans-la-neige-grece-23.jpg,Pins tortures dans la neige — Pinde — Périvoli et Vasilitsa,"Pins tortures dans la neige, pinde — périvoli et vasilitsa, lors d’une itinérance à ski en Grèce.",Pins tortures dans la neige dans les montagnes du pinde — périvoli et vasilitsa.,"Itinérance à ski en Grèce : pins tortures dans la neige, dans le secteur pinde — périvoli et vasilitsa.",forte
DSC01230 (1).jpg,1m1Q8StTVmX6hNX9dHyj6-2fOuN7deGH1,2026:02:25 17:20:49 +01:00,2026-02-25T16:20:43Z,6,39.925168,21.095830,2177,Pinde — Périvoli et Vasilitsa,pinde-perivoli-vasilitsa-chapelle-givree-au-crepuscule-grece-24.jpg,Chapelle givree au crepuscule — Pinde — Périvoli et Vasilitsa,"Chapelle givree au crepuscule, pinde — périvoli et vasilitsa, lors d’une itinérance à ski en Grèce.",Chapelle givree au crepuscule dans les montagnes du pinde — périvoli et vasilitsa.,"Itinérance à ski en Grèce : chapelle givree au crepuscule, dans le secteur pinde — périvoli et vasilitsa.",forte
DSC01535 (1).jpg,1NAL4agotD8aryNBXhAo3J1LJddQE4-AY,2026:02:27 14:49:36 +01:00,2026-02-27T13:49:36Z,0,40.077119,21.027466,1123,Pinde — Smolikas et Pades,pinde-smolikas-pades-franchissement-de-riviere-grece-25.jpg,Franchissement de riviere — Pinde — Smolikas et Pades,"Franchissement de riviere, pinde — smolikas et pades, lors d’une itinérance à ski en Grèce.",Franchissement de riviere dans les montagnes du pinde — smolikas et pades.,"Itinérance à ski en Grèce : franchissement de riviere, dans le secteur pinde — smolikas et pades.",forte
DSC01560 (1).jpg,17DFZhn6_ovVcAI0Du4H_JeKpGm2JZB5J,2026:02:27 17:52:37 +01:00,2026-02-27T15:14:32Z,5885,40.103370,21.022315,1401,Pinde — Smolikas et Pades,pinde-smolikas-pades-tablee-au-refuge-grece-26.jpg,Tablee au refuge — Pinde — Smolikas et Pades,"Tablee au refuge, pinde — smolikas et pades, lors d’une itinérance à ski en Grèce.",Tablee au refuge dans les montagnes du pinde — smolikas et pades.,"Itinérance à ski en Grèce : tablee au refuge, dans le secteur pinde — smolikas et pades.",moyenne
DSC09564 (1).jpg,1285smexpGlUHCvJ2ljVP0e5c8-DYCi51,2026:02:22 06:28:04 +01:00,2026-02-22T07:20:51Z,6767,39.448492,21.227715,1033,Tzoumerka — secteur Theodoriana,tzoumerka-secteur-theodoriana-silhouette-a-la-fenetre-grece-27.jpg,Silhouette a la fenetre — Tzoumerka — secteur Theodoriana,"Silhouette a la fenetre, tzoumerka — secteur theodoriana, lors d’une itinérance à ski en Grèce.",Silhouette a la fenetre dans les montagnes du tzoumerka — secteur theodoriana.,"Itinérance à ski en Grèce : silhouette a la fenetre, dans le secteur tzoumerka — secteur theodoriana.",moyenne
DSC01784 (2026-03-09T14_54_26.507).JPG,1D3eTKti-lhRQaUoBpoOkY9acGOcNzGSN,2026:03:01 06:40:57 +01:00,2026-02-28T13:21:13Z,58784,40.041805,20.908466,1150,Pinde — Vasilitsa et Samarina,pinde-vasilitsa-samarina-ambiance-urbaine-grece-28.jpg,Ambiance urbaine — Pinde — Vasilitsa et Samarina,"Ambiance urbaine, pinde — vasilitsa et samarina, lors d’une itinérance à ski en Grèce.",Ambiance urbaine dans les montagnes du pinde — vasilitsa et samarina.,"Itinérance à ski en Grèce : ambiance urbaine, dans le secteur pinde — vasilitsa et samarina.",moyenne
DSC01780 (2026-03-02T05_35_46.718).jpg,1cocW05cfIr1_7saKciPS5e2elayrBsII,2026:02:28 13:57:53 +01:00,2026-02-28T12:57:51Z,2,40.051596,20.904546,1395,Pinde — Vasilitsa et Samarina,pinde-vasilitsa-samarina-marcheurs-au-depart-grece-29.jpg,Marcheurs au depart — Pinde — Vasilitsa et Samarina,"Marcheurs au depart, pinde — vasilitsa et samarina, lors d’une itinérance à ski en Grèce.",Marcheurs au depart dans les montagnes du pinde — vasilitsa et samarina.,"Itinérance à ski en Grèce : marcheurs au depart, dans le secteur pinde — vasilitsa et samarina.",forte
DSC01514 (2026-03-02T05_35_43.266).jpg,1gNCdWjI9X9gJnyJ5DK2lm_9NZhH00jgS,2026:02:27 13:58:14 +01:00,2026-02-27T12:58:17Z,3,40.067674,21.025279,1472,Pinde — Vasilitsa et Samarina,pinde-vasilitsa-samarina-pin-sur-crete-grece-30.jpg,Pin sur crete — Pinde — Vasilitsa et Samarina,"Pin sur crete, pinde — vasilitsa et samarina, lors d’une itinérance à ski en Grèce.",Pin sur crete dans les montagnes du pinde — vasilitsa et samarina.,"Itinérance à ski en Grèce : pin sur crete, dans le secteur pinde — vasilitsa et samarina.",forte
DSC01730 (1) (2026-03-02T05_35_39.987).jpg,15i0z6ScNCDTU9a_-nUqjHdvcfJHd4zSk,2026:02:28 11:27:30 +01:00,2026-02-28T10:27:29Z,1,40.083021,20.928007,2325,Pinde — Smolikas et Pades,pinde-smolikas-pades-groupe-en-traversee-grece-31.jpg,Groupe en traversee — Pinde — Smolikas et Pades,"Groupe en traversee, pinde — smolikas et pades, lors d’une itinérance à ski en Grèce.",Groupe en traversee dans les montagnes du pinde — smolikas et pades.,"Itinérance à ski en Grèce : groupe en traversee, dans le secteur pinde — smolikas et pades.",forte
DSC01148 (2026-03-02T05_35_37.559).jpg,1oRqel7tjhMVYA5hT5fqa9ZnHz_VWwiqK,2026:02:25 13:43:11 +01:00,2026-02-25T12:43:21Z,10,39.899872,21.164070,1889,Pinde — Périvoli et Vasilitsa,pinde-perivoli-vasilitsa-pente-au-dessus-des-pins-grece-32.jpg,Pente au dessus des pins — Pinde — Périvoli et Vasilitsa,"Pente au dessus des pins, pinde — périvoli et vasilitsa, lors d’une itinérance à ski en Grèce.",Pente au dessus des pins dans les montagnes du pinde — périvoli et vasilitsa.,"Itinérance à ski en Grèce : pente au dessus des pins, dans le secteur pinde — périvoli et vasilitsa.",forte
DSC01363 (2026-03-02T05_35_36.119).jpg,1Q6yEgb_8V8vImrIndM-mh9kPqq4ijac-,2026:02:26 13:19:28 +01:00,2026-02-26T12:19:27Z,1,40.023097,21.097384,1794,Pinde — Vasilitsa et Samarina,pinde-vasilitsa-samarina-skieur-dans-la-poudreuse-grece-33.jpg,Skieur dans la poudreuse — Pinde — Vasilitsa et Samarina,"Skieur dans la poudreuse, pinde — vasilitsa et samarina, lors d’une itinérance à ski en Grèce.",Skieur dans la poudreuse dans les montagnes du pinde — vasilitsa et samarina.,"Itinérance à ski en Grèce : skieur dans la poudreuse, dans le secteur pinde — vasilitsa et samarina.",forte
DSC01212 (2026-03-02T05_35_34.587).jpg,1gMGNdznMX3GTYzA31j_urMvnU-cUdpZk,2026:02:25 15:29:47 +01:00,2026-02-25T14:29:44Z,3,39.925529,21.134990,1681,Pinde — Périvoli et Vasilitsa,pinde-perivoli-vasilitsa-vue-vers-les-vallees-grece-34.jpg,Vue vers les vallees — Pinde — Périvoli et Vasilitsa,"Vue vers les vallees, pinde — périvoli et vasilitsa, lors d’une itinérance à ski en Grèce.",Vue vers les vallees dans les montagnes du pinde — périvoli et vasilitsa.,"Itinérance à ski en Grèce : vue vers les vallees, dans le secteur pinde — périvoli et vasilitsa.",forte
DSC00770 (2026-03-02T05_35_32.182).jpg,1spyfVztwwa10tv2u1kHn-yPovKyBFPHV,2026:02:24 13:27:50 +01:00,2026-02-24T12:27:49Z,1,39.683016,21.117605,2080,Tzoumerka — vallée de Matsouki,tzoumerka-vallee-de-matsouki-grande-traversee-a-ski-grece-35.jpg,Grande traversee a ski — Tzoumerka — vallée de Matsouki,"Grande traversee a ski, tzoumerka — vallée de matsouki, lors d’une itinérance à ski en Grèce.",Grande traversee a ski dans les montagnes du tzoumerka — vallée de matsouki.,"Itinérance à ski en Grèce : grande traversee a ski, dans le secteur tzoumerka — vallée de matsouki.",forte
DSC00869 (2026-03-02T05_35_31.116).jpg,1w179GkZvzKadPY6lXxjOTke0Sf4X9pkl,2026:02:24 15:24:11 +01:00,2026-02-24T14:24:10Z,1,39.704780,21.142944,1526,Tzoumerka — vallée de Matsouki,tzoumerka-vallee-de-matsouki-skieurs-au-dessus-du-vallon-grece-36.jpg,Skieurs au dessus du vallon — Tzoumerka — vallée de Matsouki,"Skieurs au dessus du vallon, tzoumerka — vallée de matsouki, lors d’une itinérance à ski en Grèce.",Skieurs au dessus du vallon dans les montagnes du tzoumerka — vallée de matsouki.,"Itinérance à ski en Grèce : skieurs au dessus du vallon, dans le secteur tzoumerka — vallée de matsouki.",forte
DSC00911 (2026-03-02T05_35_29.982).jpg,1wdFEgl4-MRphiu-SNQeMyefDrL3ekfpD,2026:02:25 08:25:50 +01:00,2026-02-25T08:16:56Z,3066,39.835832,21.196351,1525,Pinde — Périvoli et Vasilitsa,pinde-perivoli-vasilitsa-scene-de-village-grece-37.jpg,Scene de village — Pinde — Périvoli et Vasilitsa,"Scene de village, pinde — périvoli et vasilitsa, lors d’une itinérance à ski en Grèce.",Scene de village dans les montagnes du pinde — périvoli et vasilitsa.,"Itinérance à ski en Grèce : scene de village, dans le secteur pinde — périvoli et vasilitsa.",moyenne
DSC00536 (2026-03-02T05_35_28.541).jpg,1jM3un-r3Wn_HCGWGLMHtGa1J7_M7QxCH,2026:02:23 17:33:55 +01:00,2026-02-23T16:33:55Z,0,39.678771,21.184417,1156,Tzoumerka — vallée de Matsouki,tzoumerka-vallee-de-matsouki-village-au-creux-des-montagnes-grece-38.jpg,Village au creux des montagnes — Tzoumerka — vallée de Matsouki,"Village au creux des montagnes, tzoumerka — vallée de matsouki, lors d’une itinérance à ski en Grèce.",Village au creux des montagnes dans les montagnes du tzoumerka — vallée de matsouki.,"Itinérance à ski en Grèce : village au creux des montagnes, dans le secteur tzoumerka — vallée de matsouki.",forte
DSC00553 (2026-03-02T05_35_27.409).jpg,1rixStVShdSK53USrPFEzw6UWIsrQiH_h,2026:02:23 18:06:43 +01:00,2026-02-23T16:52:01Z,882,39.682658,21.190687,1145,Tzoumerka — vallée de Matsouki,tzoumerka-vallee-de-matsouki-refuge-et-hospitalite-grece-39.jpg,Refuge et hospitalite — Tzoumerka — vallée de Matsouki,"Refuge et hospitalite, tzoumerka — vallée de matsouki, lors d’une itinérance à ski en Grèce.",Refuge et hospitalite dans les montagnes du tzoumerka — vallée de matsouki.,"Itinérance à ski en Grèce : refuge et hospitalite, dans le secteur tzoumerka — vallée de matsouki.",moyenne
DSC00471 (2026-03-02T05_35_22.978).jpg,1XX7B5K8i2rnvWU33OtdYPIK6IO45pyBa,2026:02:23 14:22:09 +01:00,2026-02-23T13:22:08Z,1,39.630463,21.153461,1880,Tzoumerka — vallée de Matsouki,tzoumerka-vallee-de-matsouki-pente-enneigee-au-dessus-des-vallees-grece-40.jpg,Pente enneigee au dessus des vallees — Tzoumerka — vallée de Matsouki,"Pente enneigee au dessus des vallees, tzoumerka — vallée de matsouki, lors d’une itinérance à ski en Grèce.",Pente enneigee au dessus des vallees dans les montagnes du tzoumerka — vallée de matsouki.,"Itinérance à ski en Grèce : pente enneigee au dessus des vallees, dans le secteur tzoumerka — vallée de matsouki.",forte
DSC00996 (2026-03-02T05_35_20.981).jpg,1VMVFxFvgj1XV1ZvX9LLgd5jzbVrsoO-6,2026:02:25 10:55:22 +01:00,2026-02-25T09:55:18Z,4,39.852914,21.171913,1933,Pinde — Périvoli et Vasilitsa,pinde-perivoli-vasilitsa-pins-en-neige-profonde-grece-41.jpg,Pins en neige profonde — Pinde — Périvoli et Vasilitsa,"Pins en neige profonde, pinde — périvoli et vasilitsa, lors d’une itinérance à ski en Grèce.",Pins en neige profonde dans les montagnes du pinde — périvoli et vasilitsa.,"Itinérance à ski en Grèce : pins en neige profonde, dans le secteur pinde — périvoli et vasilitsa.",forte
DSC01003 (2026-03-02T05_35_19.907).jpg,1bi4MmC-k17HUahTQIC2_z68LIdCQOYVd,2026:02:25 11:17:43 +01:00,2026-02-25T10:17:41Z,2,39.857560,21.166043,2037,Pinde — Périvoli et Vasilitsa,pinde-perivoli-vasilitsa-skieurs-sur-versant-grece-42.jpg,Skieurs sur versant — Pinde — Périvoli et Vasilitsa,"Skieurs sur versant, pinde — périvoli et vasilitsa, lors d’une itinérance à ski en Grèce.",Skieurs sur versant dans les montagnes du pinde — périvoli et vasilitsa.,"Itinérance à ski en Grèce : skieurs sur versant, dans le secteur pinde — périvoli et vasilitsa.",forte
DSC00737 (2026-03-02T05_35_16.939).jpg,1vFcIP1pxgMSK3n6Q9tfqaM7ES0DrhdJg,2026:02:24 12:26:21 +01:00,2026-02-24T11:26:23Z,2,39.673544,21.131488,1976,Tzoumerka — vallée de Matsouki,tzoumerka-vallee-de-matsouki-traversee-sur-neige-vierge-grece-43.jpg,Traversee sur neige vierge — Tzoumerka — vallée de Matsouki,"Traversee sur neige vierge, tzoumerka — vallée de matsouki, lors d’une itinérance à ski en Grèce.",Traversee sur neige vierge dans les montagnes du tzoumerka — vallée de matsouki.,"Itinérance à ski en Grèce : traversee sur neige vierge, dans le secteur tzoumerka — vallée de matsouki.",forte
DSC00946 (2026-03-02T05_35_13.948).jpg,1jjQPdzAMpgfYuOik5KKBFzVollIuZ7Vy,2026:02:25 10:04:48 +01:00,2026-02-25T09:04:42Z,6,39.844494,21.185706,1743,Pinde — Périvoli et Vasilitsa,pinde-perivoli-vasilitsa-cretes-du-pinde-grece-44.jpg,Cretes du pinde — Pinde — Périvoli et Vasilitsa,"Cretes du pinde, pinde — périvoli et vasilitsa, lors d’une itinérance à ski en Grèce.",Cretes du pinde dans les montagnes du pinde — périvoli et vasilitsa.,"Itinérance à ski en Grèce : cretes du pinde, dans le secteur pinde — périvoli et vasilitsa.",forte
DSC00138 (2026-03-02T05_35_11.881).jpg,1SvtylsgKqIq7LdGT4ZghwVzAIzSj5WED,2026:02:22 19:45:51 +01:00,2026-02-22T17:50:16Z,3335,39.584139,21.123211,1136,Tzoumerka — vallée de Matsouki,tzoumerka-vallee-de-matsouki-scene-chez-l-habitant-grece-45.jpg,Scene chez l habitant — Tzoumerka — vallée de Matsouki,"Scene chez l habitant, tzoumerka — vallée de matsouki, lors d’une itinérance à ski en Grèce.",Scene chez l habitant dans les montagnes du tzoumerka — vallée de matsouki.,"Itinérance à ski en Grèce : scene chez l habitant, dans le secteur tzoumerka — vallée de matsouki.",moyenne
DSC00148 (2026-03-02T05_35_12.865).jpg,1wRxPlykcg3BwURa6c2GkuAf7vccp19Ku,2026:02:22 19:48:21 +01:00,2026-02-22T17:50:16Z,3485,39.584139,21.123211,1136,Tzoumerka — vallée de Matsouki,tzoumerka-vallee-de-matsouki-toast-apres-la-journee-grece-46.jpg,Toast apres la journee — Tzoumerka — vallée de Matsouki,"Toast apres la journee, tzoumerka — vallée de matsouki, lors d’une itinérance à ski en Grèce.",Toast apres la journee dans les montagnes du tzoumerka — vallée de matsouki.,"Itinérance à ski en Grèce : toast apres la journee, dans le secteur tzoumerka — vallée de matsouki.",moyenne
DSC00086 (2026-03-02T05_35_09.740).jpg,1Qyg73Y9NUB1pD-_e8hFi1c4LYJ5Wxs-a,2026:02:22 19:32:59 +01:00,2026-02-22T17:50:16Z,2563,39.584139,21.123211,1136,Tzoumerka — vallée de Matsouki,tzoumerka-vallee-de-matsouki-porte-de-pierre-grece-47.jpg,Porte de pierre — Tzoumerka — vallée de Matsouki,"Porte de pierre, tzoumerka — vallée de matsouki, lors d’une itinérance à ski en Grèce.",Porte de pierre dans les montagnes du tzoumerka — vallée de matsouki.,"Itinérance à ski en Grèce : porte de pierre, dans le secteur tzoumerka — vallée de matsouki.",moyenne
DSC00224 (2026-03-02T05_35_10.977).jpg,1VGQQdTx8REnreQgQxw_68a8VhkyEVERY,2026:02:23 07:07:21 +01:00,2026-02-23T07:27:27Z,4806,39.584080,21.122878,1143,Tzoumerka — vallée de Matsouki,tzoumerka-vallee-de-matsouki-portrait-dans-l-epicerie-grece-48.jpg,Portrait dans l epicerie — Tzoumerka — vallée de Matsouki,"Portrait dans l epicerie, tzoumerka — vallée de matsouki, lors d’une itinérance à ski en Grèce.",Portrait dans l epicerie dans les montagnes du tzoumerka — vallée de matsouki.,"Itinérance à ski en Grèce : portrait dans l epicerie, dans le secteur tzoumerka — vallée de matsouki.",moyenne
DSC00143 (2026-03-02T05_35_08.237).jpg,1aaPgw9YEAn6JGBmX-XdJbO3Geq93IN6X,2026:02:22 19:45:54 +01:00,2026-02-22T17:50:16Z,3338,39.584139,21.123211,1136,Tzoumerka — vallée de Matsouki,tzoumerka-vallee-de-matsouki-repas-partage-grece-49.jpg,Repas partage — Tzoumerka — vallée de Matsouki,"Repas partage, tzoumerka — vallée de matsouki, lors d’une itinérance à ski en Grèce.",Repas partage dans les montagnes du tzoumerka — vallée de matsouki.,"Itinérance à ski en Grèce : repas partage, dans le secteur tzoumerka — vallée de matsouki.",moyenne
DSC00073 (2026-03-02T05_35_05.481).jpg,1l9sQ2IQvoRVTLvg1FXC0RixYjnEEUbqx,2026:02:22 18:34:49 +01:00,2026-02-22T17:42:13Z,444,39.582722,21.124529,1111,Tzoumerka — vallée de Matsouki,tzoumerka-vallee-de-matsouki-hotes-au-refuge-grece-50.jpg,Hotes au refuge — Tzoumerka — vallée de Matsouki,"Hotes au refuge, tzoumerka — vallée de matsouki, lors d’une itinérance à ski en Grèce.",Hotes au refuge dans les montagnes du tzoumerka — vallée de matsouki.,"Itinérance à ski en Grèce : hotes au refuge, dans le secteur tzoumerka — vallée de matsouki.",moyenne
DSC00416 (2026-03-02T05_35_06.858).jpg,1d47X6kPN1EaALS2hhGGURu2TdB5EDMNQ,2026:02:23 13:46:52 +01:00,2026-02-23T12:46:50Z,2,39.632004,21.164841,1582,Tzoumerka — vallée de Matsouki,tzoumerka-vallee-de-matsouki-grande-pente-au-dessus-du-vallon-grece-51.jpg,Grande pente au dessus du vallon — Tzoumerka — vallée de Matsouki,"Grande pente au dessus du vallon, tzoumerka — vallée de matsouki, lors d’une itinérance à ski en Grèce.",Grande pente au dessus du vallon dans les montagnes du tzoumerka — vallée de matsouki.,"Itinérance à ski en Grèce : grande pente au dessus du vallon, dans le secteur tzoumerka — vallée de matsouki.",forte
DSC00239 (2026-03-02T05_35_04.352).jpg,1C-l865ufQfDKqr73vEvVPDgpncFOft-6,2026:02:23 07:27:31 +01:00,2026-02-23T07:27:27Z,3596,39.584080,21.122878,1143,Tzoumerka — vallée de Matsouki,tzoumerka-vallee-de-matsouki-epicerie-de-village-grece-52.jpg,Epicerie de village — Tzoumerka — vallée de Matsouki,"Epicerie de village, tzoumerka — vallée de matsouki, lors d’une itinérance à ski en Grèce.",Epicerie de village dans les montagnes du tzoumerka — vallée de matsouki.,"Itinérance à ski en Grèce : epicerie de village, dans le secteur tzoumerka — vallée de matsouki.",moyenne
DSC00088 (2026-03-02T05_35_02.076).jpg,1ljB3vYIPBFyFC8MpMGeEZRY3153qjv1g,2026:02:22 19:33:09 +01:00,2026-02-22T17:50:16Z,2573,39.584139,21.123211,1136,Tzoumerka — vallée de Matsouki,tzoumerka-vallee-de-matsouki-details-d-un-escalier-grece-53.jpg,Details d un escalier — Tzoumerka — vallée de Matsouki,"Details d un escalier, tzoumerka — vallée de matsouki, lors d’une itinérance à ski en Grèce.",Details d un escalier dans les montagnes du tzoumerka — vallée de matsouki.,"Itinérance à ski en Grèce : details d un escalier, dans le secteur tzoumerka — vallée de matsouki.",moyenne
DSC00008 (2026-03-02T05_34_57.445).jpg,13MNPc3-NvFOUQHYmXJvAu3cVX6dbJ_1J,2026:02:22 16:16:56 +01:00,2026-02-22T15:16:46Z,10,39.569678,21.141222,928,Tzoumerka — secteur Theodoriana,tzoumerka-secteur-theodoriana-interieur-de-maison-grece-54.jpg,Interieur de maison — Tzoumerka — secteur Theodoriana,"Interieur de maison, tzoumerka — secteur theodoriana, lors d’une itinérance à ski en Grèce.",Interieur de maison dans les montagnes du tzoumerka — secteur theodoriana.,"Itinérance à ski en Grèce : interieur de maison, dans le secteur tzoumerka — secteur theodoriana.",forte
DSC00134 (2026-03-02T05_35_00.884).jpg,1SCpcvo_gitSmnNBb93Z6uIOgmYdWlqwK,2026:02:22 19:43:57 +01:00,2026-02-22T17:50:16Z,3221,39.584139,21.123211,1136,Tzoumerka — vallée de Matsouki,tzoumerka-vallee-de-matsouki-repas-au-village-grece-55.jpg,Repas au village — Tzoumerka — vallée de Matsouki,"Repas au village, tzoumerka — vallée de matsouki, lors d’une itinérance à ski en Grèce.",Repas au village dans les montagnes du tzoumerka — vallée de matsouki.,"Itinérance à ski en Grèce : repas au village, dans le secteur tzoumerka — vallée de matsouki.",moyenne
DSC00017 (2026-03-02T05_34_55.457).jpg,1bKAfQrd37aVI0JZhtJ3aD0PRU3JLSya2,2026:02:22 16:21:13 +01:00,2026-02-22T15:21:11Z,2,39.569949,21.139393,900,Tzoumerka — secteur Theodoriana,tzoumerka-secteur-theodoriana-oratoire-sur-un-arbre-grece-56.jpg,Oratoire sur un arbre — Tzoumerka — secteur Theodoriana,"Oratoire sur un arbre, tzoumerka — secteur theodoriana, lors d’une itinérance à ski en Grèce.",Oratoire sur un arbre dans les montagnes du tzoumerka — secteur theodoriana.,"Itinérance à ski en Grèce : oratoire sur un arbre, dans le secteur tzoumerka — secteur theodoriana.",forte
DSC09563 (2026-03-02T05_34_51.043).jpg,1cNy4dN3qmacORWoixgD9LfMlQist1j6U,2026:02:22 06:26:18 +01:00,2026-02-22T07:20:51Z,6873,39.448492,21.227715,1033,Tzoumerka — secteur Theodoriana,tzoumerka-secteur-theodoriana-tablee-en-cuisine-grece-57.jpg,Tablee en cuisine — Tzoumerka — secteur Theodoriana,"Tablee en cuisine, tzoumerka — secteur theodoriana, lors d’une itinérance à ski en Grèce.",Tablee en cuisine dans les montagnes du tzoumerka — secteur theodoriana.,"Itinérance à ski en Grèce : tablee en cuisine, dans le secteur tzoumerka — secteur theodoriana.",moyenne
DSC09860 (2026-03-02T05_34_46.123).jpg,1E8oazYXjAYNDFhbt8inORx1wWE7zMUJ2,2026:02:22 14:09:15 +01:00,2026-02-22T13:09:15Z,0,39.548111,21.179671,1495,Tzoumerka — secteur Theodoriana,tzoumerka-secteur-theodoriana-vallee-montagnarde-grece-58.jpg,Vallee montagnarde — Tzoumerka — secteur Theodoriana,"Vallee montagnarde, tzoumerka — secteur theodoriana, lors d’une itinérance à ski en Grèce.",Vallee montagnarde dans les montagnes du tzoumerka — secteur theodoriana.,"Itinérance à ski en Grèce : vallee montagnarde, dans le secteur tzoumerka — secteur theodoriana.",forte
DSC09990 (2026-03-02T05_34_44.420).jpg,1_GCLb_ZAFSuqMbvQ9rc2I29uPRRV8d6h,2026:02:22 16:05:04 +01:00,2026-02-22T15:05:01Z,3,39.566980,21.144852,976,Tzoumerka — secteur Theodoriana,tzoumerka-secteur-theodoriana-maison-de-pierre-grece-59.jpg,Maison de pierre — Tzoumerka — secteur Theodoriana,"Maison de pierre, tzoumerka — secteur theodoriana, lors d’une itinérance à ski en Grèce.",Maison de pierre dans les montagnes du tzoumerka — secteur theodoriana.,"Itinérance à ski en Grèce : maison de pierre, dans le secteur tzoumerka — secteur theodoriana.",forte
DSC09813 (2026-03-02T05_34_42.910).jpg,1Xl2xkb25aFqmKjHlVL7UBTYIIxAE_YoP,2026:02:22 13:38:58 +01:00,2026-02-22T12:39:07Z,9,39.540196,21.182560,1607,Tzoumerka — secteur Theodoriana,tzoumerka-secteur-theodoriana-skis-et-sacs-au-depart-grece-60.jpg,Skis et sacs au depart — Tzoumerka — secteur Theodoriana,"Skis et sacs au depart, tzoumerka — secteur theodoriana, lors d’une itinérance à ski en Grèce.",Skis et sacs au depart dans les montagnes du tzoumerka — secteur theodoriana.,"Itinérance à ski en Grèce : skis et sacs au depart, dans le secteur tzoumerka — secteur theodoriana.",forte
DSC09869 (2026-03-02T05_34_38.438).jpg,1RzZ_O55adRnNBvbMrQK4qIb5KyfeShyI,2026:02:22 14:21:13 +01:00,2026-02-22T13:21:11Z,2,39.551173,21.173216,1352,Tzoumerka — secteur Theodoriana,tzoumerka-secteur-theodoriana-marche-sur-sentier-de-montagne-grece-61.jpg,Marche sur sentier de montagne — Tzoumerka — secteur Theodoriana,"Marche sur sentier de montagne, tzoumerka — secteur theodoriana, lors d’une itinérance à ski en Grèce.",Marche sur sentier de montagne dans les montagnes du tzoumerka — secteur theodoriana.,"Itinérance à ski en Grèce : marche sur sentier de montagne, dans le secteur tzoumerka — secteur theodoriana.",forte
DSC09949 (2026-03-02T05_34_34.454).jpg,1fR3V6wtZKHgPKrLAxcW1yr6-_-lFGoTl,2026:02:22 15:45:28 +01:00,2026-02-22T14:45:34Z,6,39.565836,21.153646,963,Tzoumerka — secteur Theodoriana,tzoumerka-secteur-theodoriana-coucher-de-soleil-sur-les-montagnes-grece-62.jpg,Coucher de soleil sur les montagnes — Tzoumerka — secteur Theodoriana,"Coucher de soleil sur les montagnes, tzoumerka — secteur theodoriana, lors d’une itinérance à ski en Grèce.",Coucher de soleil sur les montagnes dans les montagnes du tzoumerka — secteur theodoriana.,"Itinérance à ski en Grèce : coucher de soleil sur les montagnes, dans le secteur tzoumerka — secteur theodoriana.",forte
DSC01242 (1).jpg,1i8l0FQtoX4LrMES53uKuIItcLC-GJMPC,2026:02:25 17:30:39 +01:00,2026-02-25T16:30:39Z,0,39.929210,21.096889,2076,Pinde — Périvoli et Vasilitsa,pinde-perivoli-vasilitsa-cafe-partage-au-refuge-grece-63.jpg,Cafe partage au refuge — Pinde — Périvoli et Vasilitsa,"Cafe partage au refuge, pinde — périvoli et vasilitsa, lors d’une itinérance à ski en Grèce.",Cafe partage au refuge dans les montagnes du pinde — périvoli et vasilitsa.,"Itinérance à ski en Grèce : cafe partage au refuge, dans le secteur pinde — périvoli et vasilitsa.",forte
DSC01293 (1).jpg,11q_Uz9F9Gjh0U2JwSGnlqmRdjOdIUBZi,2026:02:26 07:17:36 +01:00,2026-02-26T07:21:37Z,3841,39.976566,21.116508,1302,Pinde — Périvoli et Vasilitsa,pinde-perivoli-vasilitsa-retour-en-foret-grece-64.jpg,Retour en foret — Pinde — Périvoli et Vasilitsa,"Retour en foret, pinde — périvoli et vasilitsa, lors d’une itinérance à ski en Grèce.",Retour en foret dans les montagnes du pinde — périvoli et vasilitsa.,"Itinérance à ski en Grèce : retour en foret, dans le secteur pinde — périvoli et vasilitsa.",moyenne
DSC01524 (1).jpg,1UQJ1C9puEvb4YJ15r1OoiI6xrdgpcfbD,2026:02:27 14:07:41 +01:00,2026-02-27T13:07:42Z,1,40.066598,21.023560,1375,Pinde — Vasilitsa et Samarina,pinde-vasilitsa-samarina-randonneur-parmi-les-pins-grece-65.jpg,Randonneur parmi les pins — Pinde — Vasilitsa et Samarina,"Randonneur parmi les pins, pinde — vasilitsa et samarina, lors d’une itinérance à ski en Grèce.",Randonneur parmi les pins dans les montagnes du pinde — vasilitsa et samarina.,"Itinérance à ski en Grèce : randonneur parmi les pins, dans le secteur pinde — vasilitsa et samarina.",forte
